sku_id,week_start,model_forecast,forecast_lower_80,forecast_upper_80,category,subcategory
NB-0001,2026-01-05,7.126320020697001,1.2045100378329314,13.04813000356107,Small Appliances,Blenders
NB-0002,2026-01-05,34.23512170362739,28.313311720763323,40.15693168649146,Bed & Bath,Bath Accessories
NB-0003,2026-01-05,33.411312736128856,27.489502753264787,39.333122718992925,Decor,Wall Art
NB-0004,2026-01-05,18.623383650243838,12.701573667379769,24.545193633107907,Decor,Wall Art
NB-0005,2026-01-05,15.25142410149023,9.32961411862616,21.1732340843543,Decor,Candles
NB-0006,2026-01-05,14.878472943463828,8.956662960599758,20.8002829263279,Decor,Candles
NB-0007,2026-01-05,13.128133220729106,7.206323237865036,19.049943203593177,Bed & Bath,Bedding
NB-0008,2026-01-05,14.602054450065648,8.680244467201579,20.523864432929717,Furniture,Chairs
NB-0009,2026-01-05,19.56709230432425,13.645282321460183,25.48890228718832,Small Appliances,Toasters
NB-0010,2026-01-05,27.283703175266737,21.36189319240267,33.205513158130806,Decor,Cushions
NB-0011,2026-01-05,8.842027792690871,2.9202178098268012,14.76383777555494,Furniture,Chairs
NB-0012,2026-01-05,5.42933869138604,0.0,11.35114867425011,Decor,Candles
NB-0013,2026-01-05,4.769753519141054,0.0,10.691563502005124,Decor,Cushions
NB-0014,2026-01-05,15.410143037712821,9.488333054848752,21.33195302057689,Lighting,Floor Lamps
NB-0015,2026-01-05,34.184702989938714,28.262893007074645,40.10651297280278,Decor,Candles
NB-0016,2026-01-05,5.0660522928878065,0.0,10.987862275751876,Decor,Rugs
NB-0017,2026-01-05,32.944944230824234,27.023134247960165,38.8667542136883,Decor,Rugs
NB-0018,2026-01-05,19.060212601963688,13.138402619099619,24.982022584827757,Small Appliances,Blenders
NB-0019,2026-01-05,15.033609011940888,9.111799029076817,20.95541899480496,Small Appliances,Toasters
NB-0020,2026-01-05,19.864036662956384,13.942226680092315,25.785846645820452,Decor,Candles
NB-0021,2026-01-05,25.130912380274278,19.20910239741021,31.052722363138347,Decor,Candles
NB-0022,2026-01-05,52.228383516477656,46.30657353361359,58.150193499341725,Decor,Candles
NB-0023,2026-01-05,24.796575989622806,18.874766006758737,30.718385972486875,Decor,Wall Art
NB-0024,2026-01-05,11.933372251248993,6.011562268384924,17.855182234113062,Small Appliances,Blenders
NB-0025,2026-01-05,14.407933475612566,8.486123492748497,20.329743458476635,Furniture,Chairs
NB-0026,2026-01-05,31.821705399870915,25.899895417006846,37.743515382734984,Furniture,Tables
NB-0027,2026-01-05,5.34268550540794,0.0,11.26449548827201,Lighting,Floor Lamps
NB-0028,2026-01-05,34.881889052338174,28.960079069474105,40.80369903520224,Decor,Rugs
NB-0029,2026-01-05,5.724160666500674,0.0,11.645970649364743,Lighting,Floor Lamps
NB-0030,2026-01-05,23.593445982145052,17.671635999280983,29.51525596500912,Decor,Rugs
NB-0031,2026-01-05,57.09388336079955,51.17207337793548,63.01569334366362,Lighting,Table Lamps
NB-0032,2026-01-05,7.372337034746094,1.4505270518820241,13.294147017610165,Small Appliances,Kettles
NB-0033,2026-01-05,36.68864029254582,30.76683030968175,42.61045027540989,Furniture,Sofas
NB-0034,2026-01-05,33.09584021615044,27.174030233286373,39.01765019901451,Decor,Wall Art
NB-0035,2026-01-05,6.126102451545353,0.2042924686812828,12.047912434409422,Bed & Bath,Bedding
NB-0036,2026-01-05,33.448548098081915,27.526738115217846,39.370358080945984,Small Appliances,Toasters
NB-0037,2026-01-05,6.248832179937118,0.327022197073048,12.170642162801187,Small Appliances,Air Purifiers
NB-0038,2026-01-05,5.077733620108186,0.0,10.999543602972256,Decor,Cushions
NB-0039,2026-01-05,16.1958144284459,10.27400444558183,22.11762441130997,Furniture,Storage
NB-0040,2026-01-05,6.2968326970100685,0.37502271414599875,12.218642679874138,Decor,Wall Art
NB-0041,2026-01-05,22.15184620467333,16.23003622180926,28.0736561875374,Furniture,Storage
NB-0042,2026-01-05,31.84339893488267,25.921588952018602,37.76520891774674,Lighting,Table Lamps
NB-0043,2026-01-05,8.631888607346026,2.710078624481956,14.553698590210097,Small Appliances,Blenders
NB-0044,2026-01-05,7.881183513357268,1.959373530493198,13.802993496221337,Decor,Cushions
NB-0045,2026-01-05,11.396158214157419,5.474348231293349,17.31796819702149,Decor,Rugs
NB-0046,2026-01-05,27.39430079935306,21.472490816488992,33.31611078221713,Furniture,Tables
NB-0047,2026-01-05,32.103762359857285,26.181952376993216,38.025572342721354,Bed & Bath,Bath Accessories
NB-0048,2026-01-05,5.935852038420977,0.014042055556907407,11.857662021285048,Furniture,Chairs
NB-0049,2026-01-05,38.021360424227666,32.0995504413636,43.943170407091735,Lighting,Pendant Lights
NB-0050,2026-01-05,7.896851785328544,1.9750418024644745,13.818661768192614,Decor,Wall Art
NB-0051,2026-01-05,19.386937938267476,13.465127955403407,25.308747921131545,Decor,Candles
NB-0052,2026-01-05,17.883587314526558,11.96177733166249,23.805397297390627,Lighting,Floor Lamps
NB-0053,2026-01-05,46.02520365160559,40.10339366874152,51.947013634469656,Bed & Bath,Towels
NB-0054,2026-01-05,48.20882838381833,42.28701840095426,54.1306383666824,Furniture,Tables
NB-0055,2026-01-05,18.446875832478952,12.525065849614883,24.36868581534302,Small Appliances,Air Purifiers
NB-0056,2026-01-05,7.264001113896812,1.3421911310327426,13.185811096760883,Bed & Bath,Towels
NB-0057,2026-01-05,19.7434295260849,13.82161954322083,25.665239508948968,Lighting,Pendant Lights
NB-0058,2026-01-05,27.426774416460006,21.504964433595937,33.348584399324075,Small Appliances,Toasters
NB-0059,2026-01-05,6.664218640692116,0.7424086578280464,12.586028623556185,Bed & Bath,Bedding
NB-0060,2026-01-05,11.577204716047497,5.655394733183427,17.499014698911566,Small Appliances,Air Purifiers
NB-0061,2026-01-05,20.350395646695418,14.428585663831349,26.272205629559487,Decor,Wall Art
NB-0062,2026-01-05,8.209175693815173,2.2873657109511027,14.130985676679241,Decor,Rugs
NB-0063,2026-01-05,12.295414298601811,6.373604315737741,18.21722428146588,Decor,Rugs
NB-0064,2026-01-05,23.367304225568965,17.445494242704896,29.289114208433034,Bed & Bath,Towels
NB-0065,2026-01-05,78.56721867392514,72.64540869106106,84.48902865678922,Small Appliances,Toasters
NB-0066,2026-01-05,24.445277905614294,18.523467922750225,30.367087888478363,Small Appliances,Air Purifiers
NB-0067,2026-01-05,27.877146293509625,21.955336310645556,33.798956276373694,Lighting,Table Lamps
NB-0068,2026-01-05,14.585580259485225,8.663770276621154,20.507390242349295,Furniture,Sofas
NB-0069,2026-01-05,30.783026908815398,24.86121692595133,36.70483689167947,Small Appliances,Air Purifiers
NB-0070,2026-01-05,27.35435056302384,21.43254058015977,33.27616054588791,Lighting,Pendant Lights
NB-0071,2026-01-05,5.831239174459781,0.0,11.75304915732385,Lighting,Table Lamps
NB-0072,2026-01-05,7.656809454102296,1.7349994712382264,13.578619436966367,Bed & Bath,Bath Accessories
NB-0073,2026-01-05,4.7588046521080365,0.0,10.680614634972105,Decor,Candles
NB-0074,2026-01-05,11.064214230450848,5.142404247586778,16.986024213314916,Small Appliances,Blenders
NB-0075,2026-01-05,26.05091259816582,20.12910261530175,31.97272258102989,Furniture,Sofas
NB-0076,2026-01-05,14.331827731654341,8.41001774879027,20.253637714518412,Lighting,Pendant Lights
NB-0077,2026-01-05,6.813037272929528,0.8912272900654585,12.734847255793598,Bed & Bath,Bedding
NB-0078,2026-01-05,5.676219576357122,0.0,11.598029559221192,Lighting,Table Lamps
NB-0079,2026-01-05,22.725778594641703,16.803968611777634,28.647588577505772,Decor,Cushions
NB-0080,2026-01-05,26.160901408827808,20.23909142596374,32.08271139169188,Decor,Cushions
NB-0081,2026-01-05,25.556457798453522,19.634647815589453,31.47826778131759,Bed & Bath,Bath Accessories
NB-0082,2026-01-05,16.492959250903496,10.571149268039427,22.414769233767565,Small Appliances,Kettles
NB-0083,2026-01-05,18.687330267224244,12.765520284360175,24.609140250088313,Furniture,Storage
NB-0084,2026-01-05,24.600609973970297,18.678799991106228,30.522419956834366,Furniture,Storage
NB-0085,2026-01-05,6.535628719796577,0.6138187369325072,12.457438702660646,Decor,Rugs
NB-0086,2026-01-05,29.726230003354395,23.804420020490326,35.648039986218464,Small Appliances,Air Purifiers
NB-0087,2026-01-05,10.47184005328011,4.55003007041604,16.39365003614418,Lighting,Floor Lamps
NB-0088,2026-01-05,36.787439076938796,30.865629094074727,42.709249059802865,Small Appliances,Kettles
NB-0089,2026-01-05,2.9523103068078798,0.0,8.87412028967195,Lighting,Floor Lamps
NB-0090,2026-01-05,37.982863609227145,32.061053626363076,43.904673592091214,Small Appliances,Toasters
NB-0091,2026-01-05,46.9759026324948,41.05409264963073,52.89771261535887,Small Appliances,Kettles
NB-0092,2026-01-05,38.350030468406125,32.428220485542056,44.271840451270194,Decor,Cushions
NB-0093,2026-01-05,6.198715950779194,0.27690596791512423,12.120525933643265,Furniture,Tables
NB-0094,2026-01-05,19.001493616851665,13.079683633987596,24.923303599715734,Furniture,Tables
NB-0095,2026-01-05,32.623434244607054,26.701624261742985,38.54524422747112,Lighting,Table Lamps
NB-0096,2026-01-05,31.313478730814428,25.39166874795036,37.2352887136785,Decor,Rugs
NB-0097,2026-01-05,12.951277132430931,7.0294671495668615,18.873087115295,Lighting,Table Lamps
NB-0098,2026-01-05,28.96275269496374,23.04094271209967,34.88456267782781,Decor,Cushions
NB-0099,2026-01-05,40.655800086090935,34.733990103226866,46.577610068955,Decor,Candles
NB-0100,2026-01-05,26.906956132205792,20.985146149341723,32.82876611506986,Lighting,Floor Lamps
NB-0101,2026-01-05,6.440164287871448,0.518354305007378,12.361974270735518,Decor,Cushions
NB-0102,2026-01-05,11.98532459575237,6.063514612888301,17.90713457861644,Decor,Cushions
NB-0103,2026-01-05,42.22135820757128,36.29954822470721,48.14316819043535,Furniture,Chairs
NB-0104,2026-01-05,7.488108441364532,1.5662984585004622,13.409918424228602,Lighting,Pendant Lights
NB-0105,2026-01-05,44.73322683818501,38.81141685532094,50.65503682104908,Small Appliances,Toasters
NB-0106,2026-01-05,18.25049521284617,12.328685229982103,24.17230519571024,Lighting,Floor Lamps
NB-0107,2026-01-05,10.957398212729345,5.035588229865275,16.879208195593414,Furniture,Chairs
NB-0108,2026-01-05,14.369055307326066,8.447245324461996,20.290865290190137,Bed & Bath,Towels
NB-0109,2026-01-05,25.596709014687747,19.674899031823678,31.518518997551816,Small Appliances,Kettles
NB-0110,2026-01-05,11.169402837616236,5.247592854752166,17.091212820480305,Bed & Bath,Bath Accessories
NB-0111,2026-01-05,32.43384400878944,26.512034025925374,38.35565399165351,Lighting,Pendant Lights
NB-0112,2026-01-05,31.477754997849477,25.555945014985408,37.39956498071355,Lighting,Table Lamps
NB-0113,2026-01-05,29.615562133890005,23.693752151025937,35.53737211675408,Lighting,Pendant Lights
NB-0114,2026-01-05,25.358313503692486,19.436503520828417,31.280123486556555,Bed & Bath,Towels
NB-0115,2026-01-05,24.516183646418618,18.59437366355455,30.437993629282687,Decor,Cushions
NB-0116,2026-01-05,7.744118270082334,1.8223082872182639,13.665928252946404,Bed & Bath,Towels
NB-0117,2026-01-05,15.114453103811133,9.192643120947064,21.036263086675202,Furniture,Tables
NB-0118,2026-01-05,15.815725759460364,9.893915776596295,21.737535742324432,Furniture,Storage
NB-0119,2026-01-05,29.100597722690136,23.178787739826067,35.02240770555421,Lighting,Table Lamps
NB-0120,2026-01-05,14.778808132248967,8.856998149384896,20.700618115113038,Bed & Bath,Towels
NB-0121,2026-01-05,5.620670808603533,0.0,11.542480791467604,Decor,Candles
NB-0122,2026-01-05,9.61349302277688,3.6916830399128093,15.535303005640948,Decor,Cushions
NB-0123,2026-01-05,22.758430190786346,16.836620207922277,28.680240173650414,Furniture,Tables
NB-0124,2026-01-05,64.51610568346125,58.59429570059718,70.43791566632532,Bed & Bath,Bath Accessories
NB-0125,2026-01-05,40.397622790685055,34.47581280782099,46.319432773549124,Small Appliances,Toasters
NB-0126,2026-01-05,12.92578571771593,7.003975734851861,18.84759570058,Furniture,Storage
NB-0127,2026-01-05,25.132994068513412,19.211184085649343,31.05480405137748,Bed & Bath,Bedding
NB-0128,2026-01-05,20.196095690943572,14.274285708079503,26.11790567380764,Lighting,Pendant Lights
NB-0129,2026-01-05,22.76213757570964,16.840327592845572,28.68394755857371,Furniture,Storage
NB-0130,2026-01-05,62.1384641726958,56.21665418983173,68.06027415555987,Bed & Bath,Towels
NB-0131,2026-01-05,14.076540660103324,8.154730677239254,19.998350642967395,Decor,Wall Art
NB-0132,2026-01-05,37.28443720708582,31.362627224221754,43.20624718994989,Decor,Rugs
NB-0133,2026-01-05,48.92468112227213,43.002871139408064,54.8464911051362,Decor,Cushions
NB-0134,2026-01-05,42.91218229093446,36.99037230807039,48.83399227379853,Lighting,Table Lamps
NB-0135,2026-01-05,35.83492097966408,29.913110996800015,41.75673096252815,Decor,Wall Art
NB-0136,2026-01-05,6.425305227879334,0.5034952450152641,12.347115210743404,Lighting,Pendant Lights
NB-0137,2026-01-05,14.967681746687807,9.045871763823737,20.889491729551878,Lighting,Pendant Lights
NB-0138,2026-01-05,24.766689380307447,18.84487939744338,30.688499363171516,Bed & Bath,Bedding
NB-0139,2026-01-05,13.610567718660661,7.6887577357965915,19.53237770152473,Decor,Candles
NB-0140,2026-01-05,11.918907320993759,5.997097338129689,17.84071730385783,Decor,Wall Art
NB-0141,2026-01-05,14.226270348414635,8.304460365550565,20.148080331278706,Decor,Candles
NB-0142,2026-01-05,72.83659589266207,66.914785909798,78.75840587552615,Small Appliances,Toasters
NB-0143,2026-01-05,8.01771806444221,2.0959080815781403,13.939528047306279,Bed & Bath,Bath Accessories
NB-0144,2026-01-05,12.83635946276638,6.91454947990231,18.75816944563045,Furniture,Chairs
NB-0145,2026-01-05,26.938631233386737,21.016821250522668,32.860441216250805,Lighting,Pendant Lights
NB-0146,2026-01-05,6.775637457981593,0.853827475117523,12.697447440845663,Small Appliances,Kettles
NB-0147,2026-01-05,28.993110981708654,23.071300998844585,34.91492096457272,Furniture,Sofas
NB-0148,2026-01-05,28.010245996353746,22.088436013489677,33.932055979217814,Decor,Wall Art
NB-0149,2026-01-05,14.860435146225587,8.938625163361518,20.782245129089656,Decor,Rugs
NB-0150,2026-01-05,7.136052893763107,1.2142429108990376,13.057862876627176,Decor,Rugs
NB-0151,2026-01-05,8.041421672587488,2.119611689723418,13.963231655451558,Small Appliances,Toasters
NB-0152,2026-01-05,30.311352533540827,24.389542550676758,36.233162516404896,Furniture,Storage
NB-0153,2026-01-05,14.145651508010895,8.223841525146824,20.067461490874965,Lighting,Table Lamps
NB-0154,2026-01-05,6.562553047735219,0.640743064871149,12.484363030599289,Lighting,Floor Lamps
NB-0155,2026-01-05,8.397760042069972,2.4759500592059025,14.319570024934041,Bed & Bath,Bedding
NB-0156,2026-01-05,60.54739602163501,54.62558603877094,66.46920600449909,Small Appliances,Toasters
NB-0157,2026-01-05,16.177353479993982,10.255543497129914,22.09916346285805,Decor,Rugs
NB-0158,2026-01-05,17.025793894578705,11.103983911714636,22.947603877442774,Furniture,Tables
NB-0159,2026-01-05,20.974324616880367,15.052514634016298,26.896134599744435,Decor,Wall Art
NB-0160,2026-01-05,4.718004956912243,0.0,10.639814939776313,Small Appliances,Kettles
NB-0161,2026-01-05,14.16749554978987,8.2456855669258,20.08930553265394,Furniture,Tables
NB-0162,2026-01-05,6.11265632899667,0.19084634613260043,12.03446631186074,Bed & Bath,Towels
NB-0163,2026-01-05,69.36051805824512,63.43870807538105,75.2823280411092,Lighting,Table Lamps
NB-0164,2026-01-05,34.303115987455826,28.381306004591757,40.224925970319894,Lighting,Table Lamps
NB-0165,2026-01-05,61.662464745409864,55.740654762545795,67.58427472827394,Lighting,Floor Lamps
NB-0166,2026-01-05,27.982177126693305,22.060367143829236,33.90398710955738,Small Appliances,Blenders
NB-0167,2026-01-05,24.29566361323024,18.37385363036617,30.217473596094308,Small Appliances,Toasters
NB-0168,2026-01-05,22.795752800945298,16.87394281808123,28.717562783809367,Decor,Wall Art
NB-0169,2026-01-05,28.473081000676938,22.55127101781287,34.39489098354101,Furniture,Storage
NB-0170,2026-01-05,11.522744800203617,5.600934817339547,17.444554783067687,Small Appliances,Blenders
NB-0171,2026-01-05,7.163089347907155,1.2412793650430851,13.084899330771226,Small Appliances,Blenders
NB-0172,2026-01-05,8.046738438377517,2.124928455513447,13.968548421241586,Bed & Bath,Bath Accessories
NB-0173,2026-01-05,7.159017372607776,1.2372073897437064,13.080827355471847,Bed & Bath,Bedding
NB-0174,2026-01-05,15.686839798652883,9.765029815788814,21.608649781516952,Decor,Rugs
NB-0175,2026-01-05,11.055624459531202,5.1338144766671325,16.97743444239527,Bed & Bath,Towels
NB-0176,2026-01-05,17.375519179607046,11.453709196742977,23.297329162471115,Furniture,Chairs
NB-0177,2026-01-05,10.589527406265494,4.667717423401425,16.511337389129565,Decor,Wall Art
NB-0178,2026-01-05,16.11311376682896,10.19130378396489,22.03492374969303,Furniture,Sofas
NB-0179,2026-01-05,6.376400810123864,0.4545908272597945,12.298210792987934,Furniture,Sofas
NB-0180,2026-01-05,12.204225651011441,6.2824156681473715,18.12603563387551,Furniture,Chairs
NB-0181,2026-01-05,12.026753943748409,6.104943960884339,17.94856392661248,Bed & Bath,Bedding
NB-0182,2026-01-05,28.2641857513029,22.34237576843883,34.18599573416697,Furniture,Storage
NB-0183,2026-01-05,24.954170064985007,19.032360082120938,30.875980047849076,Lighting,Table Lamps
NB-0184,2026-01-05,46.143970523563084,40.222160540699015,52.06578050642715,Bed & Bath,Towels
NB-0185,2026-01-05,32.19016261608054,26.268352633216473,38.11197259894461,Decor,Cushions
NB-0186,2026-01-05,31.66789418282259,25.74608419995852,37.58970416568666,Furniture,Storage
NB-0187,2026-01-05,33.94222495758383,28.020414974719763,39.8640349404479,Furniture,Tables
NB-0188,2026-01-05,7.3500477174637995,1.4282377345997297,13.27185770032787,Bed & Bath,Towels
NB-0189,2026-01-05,17.485785960780458,11.563975977916389,23.407595943644527,Decor,Rugs
NB-0190,2026-01-05,33.10580991901124,27.183999936147174,39.02761990187531,Lighting,Table Lamps
NB-0191,2026-01-05,10.122571419528152,4.200761436664082,16.044381402392222,Furniture,Chairs
NB-0192,2026-01-05,3.079543170476842,0.0,9.001353153340911,Furniture,Chairs
NB-0193,2026-01-05,10.701157784338756,4.779347801474686,16.622967767202827,Furniture,Sofas
NB-0194,2026-01-05,15.364489866111823,9.442679883247752,21.286299848975894,Decor,Cushions
NB-0195,2026-01-05,28.9605966040306,23.03878662116653,34.88240658689467,Small Appliances,Toasters
NB-0196,2026-01-05,22.595490593612787,16.67368061074872,28.517300576476856,Furniture,Storage
NB-0197,2026-01-05,9.438039489779271,3.5162295069152014,15.35984947264334,Small Appliances,Air Purifiers
NB-0198,2026-01-05,5.9005088438017985,0.0,11.822318826665867,Furniture,Tables
NB-0199,2026-01-05,79.94326787627907,74.02145789341499,85.86507785914314,Furniture,Chairs
NB-0200,2026-01-05,6.502569380412575,0.5807593975485048,12.424379363276644,Decor,Rugs
NB-0001,2026-01-12,8.724817801802695,2.8030078189386254,14.646627784666766,Small Appliances,Blenders
NB-0002,2026-01-12,28.941818357139528,23.02000837427546,34.8636283400036,Bed & Bath,Bath Accessories
NB-0003,2026-01-12,33.043509812098506,27.121699829234437,38.965319794962575,Decor,Wall Art
NB-0004,2026-01-12,20.267066507300605,14.345256524436536,26.188876490164674,Decor,Wall Art
NB-0005,2026-01-12,17.997585167512707,12.075775184648638,23.919395150376776,Decor,Candles
NB-0006,2026-01-12,16.06426233060904,10.142452347744971,21.98607231347311,Decor,Candles
NB-0007,2026-01-12,14.39297827049461,8.47116828763054,20.314788253358678,Bed & Bath,Bedding
NB-0008,2026-01-12,15.815830280925566,9.894020298061495,21.737640263789636,Furniture,Chairs
NB-0009,2026-01-12,21.691485683215753,15.769675700351684,27.61329566607982,Small Appliances,Toasters
NB-0010,2026-01-12,29.30295054401544,23.381140561151373,35.224760526879514,Decor,Cushions
NB-0011,2026-01-12,9.982110969066731,4.0603009862026616,15.9039209519308,Furniture,Chairs
NB-0012,2026-01-12,6.417704350436461,0.495894367572391,12.339514333300531,Decor,Candles
NB-0013,2026-01-12,5.182898539704551,0.0,11.104708522568622,Decor,Cushions
NB-0014,2026-01-12,16.845664260603538,10.92385427773947,22.767474243467607,Lighting,Floor Lamps
NB-0015,2026-01-12,35.45522971607044,29.533419733206372,41.37703969893451,Decor,Candles
NB-0016,2026-01-12,5.628788040592494,0.0,11.550598023456564,Decor,Rugs
NB-0017,2026-01-12,33.945842562097745,28.024032579233676,39.867652544961814,Decor,Rugs
NB-0018,2026-01-12,20.883566018426723,14.961756035562654,26.805376001290792,Small Appliances,Blenders
NB-0019,2026-01-12,15.874349390195244,9.952539407331173,21.796159373059314,Small Appliances,Toasters
NB-0020,2026-01-12,21.937652949113485,16.015842966249416,27.859462931977554,Decor,Candles
NB-0021,2026-01-12,25.56618414037369,19.64437415750962,31.48799412323776,Decor,Candles
NB-0022,2026-01-12,45.444120817868125,39.522310835004056,51.365930800732194,Decor,Candles
NB-0023,2026-01-12,27.552466104170023,21.630656121305954,33.47427608703409,Decor,Wall Art
NB-0024,2026-01-12,13.379099182964719,7.457289200100649,19.300909165828788,Small Appliances,Blenders
NB-0025,2026-01-12,16.406984516570567,10.485174533706498,22.328794499434636,Furniture,Chairs
NB-0026,2026-01-12,32.10353444966148,26.181724466797412,38.02534443252555,Furniture,Tables
NB-0027,2026-01-12,5.067746295872886,0.0,10.989556278736956,Lighting,Floor Lamps
NB-0028,2026-01-12,38.233274373809955,32.311464390945886,44.155084356674024,Decor,Rugs
NB-0029,2026-01-12,6.434119509576175,0.5123095267121052,12.355929492440245,Lighting,Floor Lamps
NB-0030,2026-01-12,21.61715427670178,15.69534429383771,27.538964259565848,Decor,Rugs
NB-0031,2026-01-12,57.60815052977018,51.68634054690611,63.52996051263425,Lighting,Table Lamps
NB-0032,2026-01-12,8.483171847319088,2.5613618644550185,14.404981830183157,Small Appliances,Kettles
NB-0033,2026-01-12,34.34440574690908,28.422595764045013,40.26621572977315,Furniture,Sofas
NB-0034,2026-01-12,34.394854369554515,28.473044386690447,40.316664352418584,Decor,Wall Art
NB-0035,2026-01-12,6.538208600803879,0.6163986179398089,12.46001858366795,Bed & Bath,Bedding
NB-0036,2026-01-12,34.83520954177789,28.913399558913824,40.75701952464196,Small Appliances,Toasters
NB-0037,2026-01-12,7.381588685783054,1.4597787029189844,13.303398668647123,Small Appliances,Air Purifiers
NB-0038,2026-01-12,5.820793002277687,0.0,11.742602985141756,Decor,Cushions
NB-0039,2026-01-12,17.52815867547571,11.60634869261164,23.449968658339778,Furniture,Storage
NB-0040,2026-01-12,6.509296911971991,0.5874869291079214,12.431106894836061,Decor,Wall Art
NB-0041,2026-01-12,26.051746351288642,20.129936368424573,31.97355633415271,Furniture,Storage
NB-0042,2026-01-12,33.07136535712324,27.149555374259172,38.99317533998731,Lighting,Table Lamps
NB-0043,2026-01-12,9.000286872366805,3.0784768895027357,14.922096855230876,Small Appliances,Blenders
NB-0044,2026-01-12,9.17678110451164,3.2549711216475705,15.09859108737571,Decor,Cushions
NB-0045,2026-01-12,13.35100791887406,7.429197936009991,19.27281790173813,Decor,Rugs
NB-0046,2026-01-12,34.60535315170581,28.683543168841744,40.52716313456988,Furniture,Tables
NB-0047,2026-01-12,32.950003414423655,27.028193431559586,38.871813397287724,Bed & Bath,Bath Accessories
NB-0048,2026-01-12,6.527717972377303,0.6059079895132333,12.449527955241372,Furniture,Chairs
NB-0049,2026-01-12,40.101121275731344,34.179311292867276,46.02293125859541,Lighting,Pendant Lights
NB-0050,2026-01-12,9.3723876510777,3.45057766821363,15.29419763394177,Decor,Wall Art
NB-0051,2026-01-12,20.452534972864207,14.530724990000138,26.374344955728276,Decor,Candles
NB-0052,2026-01-12,19.686598982338662,13.764788999474593,25.60840896520273,Lighting,Floor Lamps
NB-0053,2026-01-12,46.38297726224631,40.46116727938224,52.304787245110376,Bed & Bath,Towels
NB-0054,2026-01-12,48.79580594892864,42.87399596606457,54.71761593179271,Furniture,Tables
NB-0055,2026-01-12,19.27087921178179,13.34906922891772,25.192689194645858,Small Appliances,Air Purifiers
NB-0056,2026-01-12,8.93444396336824,3.0126339805041704,14.85625394623231,Bed & Bath,Towels
NB-0057,2026-01-12,21.428222554389468,15.506412571525399,27.350032537253536,Lighting,Pendant Lights
NB-0058,2026-01-12,27.27825090041842,21.35644091755435,33.20006088328249,Small Appliances,Toasters
NB-0059,2026-01-12,7.165504631894527,1.2436946490304575,13.087314614758597,Bed & Bath,Bedding
NB-0060,2026-01-12,12.203141139663337,6.281331156799268,18.124951122527406,Small Appliances,Air Purifiers
NB-0061,2026-01-12,21.837741675170754,15.915931692306685,27.759551658034823,Decor,Wall Art
NB-0062,2026-01-12,9.38118172935631,3.4593717464922404,15.30299171222038,Decor,Rugs
NB-0063,2026-01-12,13.297253465928714,7.375443483064644,19.219063448792784,Decor,Rugs
NB-0064,2026-01-12,24.971305075919435,19.049495093055366,30.893115058783504,Bed & Bath,Towels
NB-0065,2026-01-12,76.352300213845,70.43049023098092,82.27411019670907,Small Appliances,Toasters
NB-0066,2026-01-12,24.771514938122966,18.849704955258897,30.693324920987035,Small Appliances,Air Purifiers
NB-0067,2026-01-12,28.316052975065215,22.394242992201146,34.23786295792929,Lighting,Table Lamps
NB-0068,2026-01-12,16.04546166857396,10.123651685709891,21.96727165143803,Furniture,Sofas
NB-0069,2026-01-12,31.489589391856537,25.567779408992468,37.41139937472061,Small Appliances,Air Purifiers
NB-0070,2026-01-12,28.28729374660385,22.365483763739782,34.20910372946792,Lighting,Pendant Lights
NB-0071,2026-01-12,6.529820876075739,0.6080108932116692,12.451630858939808,Lighting,Table Lamps
NB-0072,2026-01-12,8.684005919882422,2.762195937018352,14.605815902746492,Bed & Bath,Bath Accessories
NB-0073,2026-01-12,5.051591799573132,0.0,10.973401782437202,Decor,Candles
NB-0074,2026-01-12,11.527366166676897,5.605556183812827,17.449176149540968,Small Appliances,Blenders
NB-0075,2026-01-12,25.93382841575886,20.01201843289479,31.85563839862293,Furniture,Sofas
NB-0076,2026-01-12,16.312712993161078,10.39090301029701,22.234522976025147,Lighting,Pendant Lights
NB-0077,2026-01-12,6.590003507327036,0.668193524462966,12.511813490191106,Bed & Bath,Bedding
NB-0078,2026-01-12,6.05452173200251,0.13271174913844064,11.97633171486658,Lighting,Table Lamps
NB-0079,2026-01-12,22.601431267921107,16.67962128505704,28.523241250785176,Decor,Cushions
NB-0080,2026-01-12,26.989244154337115,21.067434171473046,32.911054137201184,Decor,Cushions
NB-0081,2026-01-12,25.274642580982075,19.352832598118006,31.196452563846144,Bed & Bath,Bath Accessories
NB-0082,2026-01-12,18.395052073569612,12.473242090705543,24.31686205643368,Small Appliances,Kettles
NB-0083,2026-01-12,21.678371745524654,15.756561762660585,27.600181728388723,Furniture,Storage
NB-0084,2026-01-12,26.400769256634103,20.478959273770034,32.322579239498175,Furniture,Storage
NB-0085,2026-01-12,7.536670746944191,1.6148607640801211,13.458480729808262,Decor,Rugs
NB-0086,2026-01-12,30.328911019997157,24.40710103713309,36.250721002861226,Small Appliances,Air Purifiers
NB-0087,2026-01-12,12.290357092066126,6.368547109202056,18.212167074930196,Lighting,Floor Lamps
NB-0088,2026-01-12,37.68962875542623,31.76781877256216,43.611438738290296,Small Appliances,Kettles
NB-0089,2026-01-12,3.222624108555347,0.0,9.144434091419416,Lighting,Floor Lamps
NB-0090,2026-01-12,43.83372905137967,37.9119190685156,49.75553903424374,Small Appliances,Toasters
NB-0091,2026-01-12,38.03351804514568,32.11170806228161,43.955328028009745,Small Appliances,Kettles
NB-0092,2026-01-12,31.659392269895843,25.737582287031774,37.581202252759915,Decor,Cushions
NB-0093,2026-01-12,7.370187379840206,1.4483773969761362,13.291997362704276,Furniture,Tables
NB-0094,2026-01-12,21.19372822649834,15.271918243634271,27.11553820936241,Furniture,Tables
NB-0095,2026-01-12,32.233678481209914,26.311868498345845,38.15548846407398,Lighting,Table Lamps
NB-0096,2026-01-12,31.639467382717697,25.71765739985363,37.561277365581766,Decor,Rugs
NB-0097,2026-01-12,15.362524032534136,9.440714049670067,21.284334015398205,Lighting,Table Lamps
NB-0098,2026-01-12,34.41038171031294,28.48857172744887,40.33219169317701,Decor,Cushions
NB-0099,2026-01-12,43.72866108097616,37.80685109811209,49.65047106384023,Decor,Candles
NB-0100,2026-01-12,26.62143172254804,20.69962173968397,32.54324170541211,Lighting,Floor Lamps
NB-0101,2026-01-12,7.063121324574665,1.141311341710595,12.984931307438735,Decor,Cushions
NB-0102,2026-01-12,12.015466331311755,6.093656348447685,17.937276314175826,Decor,Cushions
NB-0103,2026-01-12,47.08511923770648,41.16330925484241,53.00692922057055,Furniture,Chairs
NB-0104,2026-01-12,8.305108727129438,2.3832987442653684,14.226918709993509,Lighting,Pendant Lights
NB-0105,2026-01-12,47.29503015455368,41.37322017168961,53.21684013741775,Small Appliances,Toasters
NB-0106,2026-01-12,20.133670388155195,14.211860405291127,26.055480371019264,Lighting,Floor Lamps
NB-0107,2026-01-12,11.406309977147146,5.484499994283076,17.328119960011215,Furniture,Chairs
NB-0108,2026-01-12,16.69033198513264,10.768522002268572,22.61214196799671,Bed & Bath,Towels
NB-0109,2026-01-12,26.412411584121426,20.490601601257357,32.3342215669855,Small Appliances,Kettles
NB-0110,2026-01-12,11.38389752729376,5.46208754442969,17.30570751015783,Bed & Bath,Bath Accessories
NB-0111,2026-01-12,32.19408994510864,26.272279962244568,38.115899927972706,Lighting,Pendant Lights
NB-0112,2026-01-12,29.041736224906334,23.119926242042265,34.963546207770406,Lighting,Table Lamps
NB-0113,2026-01-12,30.171586692573197,24.249776709709128,36.09339667543727,Lighting,Pendant Lights
NB-0114,2026-01-12,25.456628985124755,19.534819002260686,31.378438967988824,Bed & Bath,Towels
NB-0115,2026-01-12,26.986252924033533,21.064442941169464,32.908062906897605,Decor,Cushions
NB-0116,2026-01-12,8.770466367032421,2.8486563841683514,14.692276349896492,Bed & Bath,Towels
NB-0117,2026-01-12,15.637170139331156,9.715360156467085,21.558980122195226,Furniture,Tables
NB-0118,2026-01-12,17.377556645644923,11.455746662780854,23.29936662850899,Furniture,Storage
NB-0119,2026-01-12,27.451151129347885,21.529341146483816,33.372961112211954,Lighting,Table Lamps
NB-0120,2026-01-12,15.344355752608207,9.422545769744136,21.266165735472278,Bed & Bath,Towels
NB-0121,2026-01-12,6.78854802420632,0.8667380413422503,12.71035800707039,Decor,Candles
NB-0122,2026-01-12,9.990159186505872,4.0683492036418025,15.911969169369943,Decor,Cushions
NB-0123,2026-01-12,27.069223722149328,21.14741373928526,32.9910337050134,Furniture,Tables
NB-0124,2026-01-12,61.20301419130781,55.28120420844374,67.12482417417188,Bed & Bath,Bath Accessories
NB-0125,2026-01-12,41.63732131426596,35.71551133140189,47.55913129713003,Small Appliances,Toasters
NB-0126,2026-01-12,15.450331369587476,9.528521386723405,21.372141352451546,Furniture,Storage
NB-0127,2026-01-12,25.619950463462164,19.698140480598095,31.541760446326233,Bed & Bath,Bedding
NB-0128,2026-01-12,21.08493573339711,15.163125750533041,27.00674571626118,Lighting,Pendant Lights
NB-0129,2026-01-12,23.818512297741066,17.896702314876997,29.740322280605135,Furniture,Storage
NB-0130,2026-01-12,59.62573579886271,53.703925815998645,65.54754578172678,Bed & Bath,Towels
NB-0131,2026-01-12,15.215360079592882,9.293550096728811,21.137170062456953,Decor,Wall Art
NB-0132,2026-01-12,37.03086784825821,31.109057865394142,42.95267783112228,Decor,Rugs
NB-0133,2026-01-12,46.71155879335308,40.78974881048901,52.63336877621715,Decor,Cushions
NB-0134,2026-01-12,36.14712055693022,30.22531057406615,42.06893053979429,Lighting,Table Lamps
NB-0135,2026-01-12,39.46125854048544,33.53944855762137,45.38306852334951,Decor,Wall Art
NB-0136,2026-01-12,6.896139246585608,0.9743292637215379,12.817949229449678,Lighting,Pendant Lights
NB-0137,2026-01-12,16.085273179612766,10.163463196748697,22.007083162476835,Lighting,Pendant Lights
NB-0138,2026-01-12,25.3812625848437,19.45945260197963,31.30307256770777,Bed & Bath,Bedding
NB-0139,2026-01-12,16.525992787171624,10.604182804307555,22.447802770035693,Decor,Candles
NB-0140,2026-01-12,13.90377046547706,7.9819604826129895,19.825580448341128,Decor,Wall Art
NB-0141,2026-01-12,14.558746789400992,8.636936806536923,20.48055677226506,Decor,Candles
NB-0142,2026-01-12,70.5611305604331,64.63932057756902,76.48294054329718,Small Appliances,Toasters
NB-0143,2026-01-12,9.335581902911178,3.4137719200471084,15.257391885775249,Bed & Bath,Bath Accessories
NB-0144,2026-01-12,15.82715815201664,9.905348169152571,21.74896813488071,Furniture,Chairs
NB-0145,2026-01-12,28.07543260544281,22.15362262257874,33.99724258830688,Lighting,Pendant Lights
NB-0146,2026-01-12,7.633747227823795,1.7119372449597252,13.555557210687866,Small Appliances,Kettles
NB-0147,2026-01-12,30.0695406817624,24.147730698898332,35.991350664626474,Furniture,Sofas
NB-0148,2026-01-12,29.263247059307837,23.341437076443768,35.185057042171906,Decor,Wall Art
NB-0149,2026-01-12,17.305985396594572,11.384175413730503,23.22779537945864,Decor,Rugs
NB-0150,2026-01-12,8.508528424863988,2.586718441999918,14.430338407728058,Decor,Rugs
NB-0151,2026-01-12,8.736487178462763,2.8146771955986933,14.658297161326832,Small Appliances,Toasters
NB-0152,2026-01-12,31.774827107031605,25.853017124167536,37.696637089895674,Furniture,Storage
NB-0153,2026-01-12,16.76642777328347,10.844617790419402,22.68823775614754,Lighting,Table Lamps
NB-0154,2026-01-12,6.937028735516521,1.0152187526524514,12.858838718380591,Lighting,Floor Lamps
NB-0155,2026-01-12,9.746855421545398,3.825045438681328,15.668665404409467,Bed & Bath,Bedding
NB-0156,2026-01-12,59.7491674313748,53.82735744851073,65.67097741423888,Small Appliances,Toasters
NB-0157,2026-01-12,16.655630303837253,10.733820320973184,22.57744028670132,Decor,Rugs
NB-0158,2026-01-12,18.947771774328135,13.025961791464066,24.869581757192204,Furniture,Tables
NB-0159,2026-01-12,22.104908373209973,16.183098390345904,28.026718356074042,Decor,Wall Art
NB-0160,2026-01-12,5.351892872288665,0.0,11.273702855152735,Small Appliances,Kettles
NB-0161,2026-01-12,15.538794008254413,9.616984025390344,21.460603991118482,Furniture,Tables
NB-0162,2026-01-12,6.983725639715233,1.0619156568511636,12.905535622579304,Bed & Bath,Towels
NB-0163,2026-01-12,65.00275282764424,59.080942844780175,70.92456281050832,Lighting,Table Lamps
NB-0164,2026-01-12,33.770627182075344,27.848817199211275,39.69243716493941,Lighting,Table Lamps
NB-0165,2026-01-12,63.759835046448096,57.83802506358403,69.68164502931216,Lighting,Floor Lamps
NB-0166,2026-01-12,29.694479479527548,23.77266949666348,35.61628946239162,Small Appliances,Blenders
NB-0167,2026-01-12,24.93381037919841,19.01200039633434,30.855620362062478,Small Appliances,Toasters
NB-0168,2026-01-12,24.415038048680767,18.493228065816698,30.336848031544836,Decor,Wall Art
NB-0169,2026-01-12,30.342396061918404,24.420586079054335,36.264206044782476,Furniture,Storage
NB-0170,2026-01-12,13.242374814274822,7.320564831410752,19.16418479713889,Small Appliances,Blenders
NB-0171,2026-01-12,7.638178210895198,1.7163682280311283,13.559988193759267,Small Appliances,Blenders
NB-0172,2026-01-12,9.157459807512247,3.235649824648177,15.079269790376316,Bed & Bath,Bath Accessories
NB-0173,2026-01-12,8.16785452940318,2.2460445465391095,14.089664512267248,Bed & Bath,Bedding
NB-0174,2026-01-12,19.39571294807625,13.47390296521218,25.317522930940317,Decor,Rugs
NB-0175,2026-01-12,11.75606224398129,5.8342522611172205,17.67787222684536,Bed & Bath,Towels
NB-0176,2026-01-12,20.320444484350073,14.398634501486004,26.242254467214142,Furniture,Chairs
NB-0177,2026-01-12,12.229393499064146,6.307583516200077,18.151203481928217,Decor,Wall Art
NB-0178,2026-01-12,16.932722546243415,11.010912563379346,22.854532529107484,Furniture,Sofas
NB-0179,2026-01-12,6.759267142926308,0.8374571600622378,12.681077125790377,Furniture,Sofas
NB-0180,2026-01-12,14.495542564719507,8.573732581855438,20.417352547583576,Furniture,Chairs
NB-0181,2026-01-12,13.30880203833537,7.386992055471301,19.23061202119944,Bed & Bath,Bedding
NB-0182,2026-01-12,25.563982021945836,19.642172039081768,31.485792004809905,Furniture,Storage
NB-0183,2026-01-12,24.428774145973488,18.50696416310942,30.350584128837557,Lighting,Table Lamps
NB-0184,2026-01-12,46.69679927792446,40.774989295060394,52.61860926078853,Bed & Bath,Towels
NB-0185,2026-01-12,30.890601923518773,24.968791940654704,36.81241190638284,Decor,Cushions
NB-0186,2026-01-12,32.83662212200316,26.914812139139094,38.75843210486723,Furniture,Storage
NB-0187,2026-01-12,37.113724992739236,31.191915009875167,43.035534975603305,Furniture,Tables
NB-0188,2026-01-12,8.363013222974217,2.4412032401101476,14.284823205838286,Bed & Bath,Towels
NB-0189,2026-01-12,21.89119974457139,15.969389761707323,27.81300972743546,Decor,Rugs
NB-0190,2026-01-12,34.824729224651406,28.902919241787338,40.746539207515475,Lighting,Table Lamps
NB-0191,2026-01-12,10.912781626569087,4.990971643705017,16.834591609433158,Furniture,Chairs
NB-0192,2026-01-12,3.301519920188628,0.0,9.223329903052697,Furniture,Chairs
NB-0193,2026-01-12,12.103493419620133,6.181683436756063,18.0253034024842,Furniture,Sofas
NB-0194,2026-01-12,16.81836794113156,10.89655795826749,22.740177923995628,Decor,Cushions
NB-0195,2026-01-12,27.793552144109498,21.87174216124543,33.71536212697357,Small Appliances,Toasters
NB-0196,2026-01-12,22.566666617144534,16.644856634280465,28.488476600008603,Furniture,Storage
NB-0197,2026-01-12,10.632745153376002,4.710935170511932,16.554555136240072,Small Appliances,Air Purifiers
NB-0198,2026-01-12,6.736463874541222,0.8146538916771524,12.658273857405291,Furniture,Tables
NB-0199,2026-01-12,78.09860143175783,72.17679144889375,84.0204114146219,Furniture,Chairs
NB-0200,2026-01-12,6.63728977895728,0.7154797960932102,12.55909976182135,Decor,Rugs
NB-0001,2026-01-19,8.528146812912654,2.6063368300485843,14.449956795776725,Small Appliances,Blenders
NB-0002,2026-01-19,30.077968376350913,24.156158393486844,35.999778359214986,Bed & Bath,Bath Accessories
NB-0003,2026-01-19,34.568706858860835,28.646896875996767,40.490516841724904,Decor,Wall Art
NB-0004,2026-01-19,20.60639422693765,14.68458424407358,26.528204209801718,Decor,Wall Art
NB-0005,2026-01-19,19.850525441975066,13.928715459110997,25.772335424839135,Decor,Candles
NB-0006,2026-01-19,17.840874751720403,11.919064768856334,23.76268473458447,Decor,Candles
NB-0007,2026-01-19,14.557388085356807,8.635578102492737,20.479198068220878,Bed & Bath,Bedding
NB-0008,2026-01-19,15.465339169483498,9.543529186619427,21.38714915234757,Furniture,Chairs
NB-0009,2026-01-19,22.577201445017128,16.65539146215306,28.499011427881197,Small Appliances,Toasters
NB-0010,2026-01-19,29.93712093981107,24.015310956947,35.85893092267514,Decor,Cushions
NB-0011,2026-01-19,10.20879834400939,4.28698836114532,16.13060832687346,Furniture,Chairs
NB-0012,2026-01-19,6.48398617886465,0.5621761960005802,12.40579616172872,Decor,Candles
NB-0013,2026-01-19,5.604265019767291,0.0,11.52607500263136,Decor,Cushions
NB-0014,2026-01-19,17.37006682763034,11.44825684476627,23.291876810494408,Lighting,Floor Lamps
NB-0015,2026-01-19,38.53027920765116,32.60846922478709,44.45208919051523,Decor,Candles
NB-0016,2026-01-19,5.467195399613896,0.0,11.389005382477965,Decor,Rugs
NB-0017,2026-01-19,35.161035594747545,29.239225611883477,41.082845577611614,Decor,Rugs
NB-0018,2026-01-19,21.65792143775874,15.736111454894672,27.57973142062281,Small Appliances,Blenders
NB-0019,2026-01-19,17.683233697987134,11.761423715123065,23.605043680851203,Small Appliances,Toasters
NB-0020,2026-01-19,21.539991402223563,15.618181419359495,27.461801385087632,Decor,Candles
NB-0021,2026-01-19,25.549547932114365,19.627737949250296,31.471357914978434,Decor,Candles
NB-0022,2026-01-19,37.18203059701242,31.260220614148352,43.10384057987649,Decor,Candles
NB-0023,2026-01-19,26.592493092975687,20.670683110111618,32.514303075839756,Decor,Wall Art
NB-0024,2026-01-19,14.341928791858109,8.42011880899404,20.263738774722178,Small Appliances,Blenders
NB-0025,2026-01-19,16.834149963878396,10.912339981014327,22.755959946742465,Furniture,Chairs
NB-0026,2026-01-19,30.980275891786636,25.058465908922567,36.90208587465071,Furniture,Tables
NB-0027,2026-01-19,5.525706743559323,0.0,11.447516726423393,Lighting,Floor Lamps
NB-0028,2026-01-19,36.37227612306551,30.450466140201442,42.29408610592958,Decor,Rugs
NB-0029,2026-01-19,6.762170912570028,0.840360929705958,12.683980895434097,Lighting,Floor Lamps
NB-0030,2026-01-19,25.612498975799756,19.690688992935687,31.534308958663825,Decor,Rugs
NB-0031,2026-01-19,53.837719122875065,47.915909140010996,59.759529105739134,Lighting,Table Lamps
NB-0032,2026-01-19,8.464450505274613,2.542640522410543,14.386260488138682,Small Appliances,Kettles
NB-0033,2026-01-19,31.95940609312666,26.03759611026259,37.88121607599073,Furniture,Sofas
NB-0034,2026-01-19,35.664164217483965,29.742354234619896,41.58597420034803,Decor,Wall Art
NB-0035,2026-01-19,7.2418178214949736,1.3200078386309038,13.163627804359043,Bed & Bath,Bedding
NB-0036,2026-01-19,36.27738996484837,30.3555799819843,42.19919994771244,Small Appliances,Toasters
NB-0037,2026-01-19,6.974312912131447,1.0525029292673773,12.896122894995518,Small Appliances,Air Purifiers
NB-0038,2026-01-19,6.114595919567899,0.19278593670382893,12.03640590243197,Decor,Cushions
NB-0039,2026-01-19,19.4878482569607,13.56603827409663,25.40965823982477,Furniture,Storage
NB-0040,2026-01-19,6.627197669082557,0.7053876862184874,12.549007651946628,Decor,Wall Art
NB-0041,2026-01-19,25.036254893247243,19.114444910383174,30.95806487611131,Furniture,Storage
NB-0042,2026-01-19,33.08855821896294,27.16674823609887,39.010368201827006,Lighting,Table Lamps
NB-0043,2026-01-19,8.672335100996623,2.750525118132553,14.594145083860692,Small Appliances,Blenders
NB-0044,2026-01-19,8.585773496673903,2.6639635138098336,14.507583479537974,Decor,Cushions
NB-0045,2026-01-19,14.040242893079789,8.11843291021572,19.962052875943858,Decor,Rugs
NB-0046,2026-01-19,32.05850934697651,26.136699364112438,37.980319329840576,Furniture,Tables
NB-0047,2026-01-19,33.72844713213349,27.80663714926942,39.65025711499756,Bed & Bath,Bath Accessories
NB-0048,2026-01-19,6.625931211919039,0.7041212290549694,12.547741194783109,Furniture,Chairs
NB-0049,2026-01-19,39.55107431880036,33.62926433593629,45.47288430166443,Lighting,Pendant Lights
NB-0050,2026-01-19,8.878088762229147,2.9562787793650775,14.799898745093216,Decor,Wall Art
NB-0051,2026-01-19,20.548425786305085,14.626615803441016,26.470235769169154,Decor,Candles
NB-0052,2026-01-19,20.717181825999756,14.795371843135687,26.638991808863825,Lighting,Floor Lamps
NB-0053,2026-01-19,48.063330232656575,42.14152024979251,53.985140215520644,Bed & Bath,Towels
NB-0054,2026-01-19,41.98751392931601,36.06570394645194,47.90932391218008,Furniture,Tables
NB-0055,2026-01-19,20.690784196545124,14.768974213681055,26.612594179409193,Small Appliances,Air Purifiers
NB-0056,2026-01-19,8.02625778640346,2.104447803539391,13.948067769267531,Bed & Bath,Towels
NB-0057,2026-01-19,22.235485989387282,16.313676006523213,28.15729597225135,Lighting,Pendant Lights
NB-0058,2026-01-19,29.41179708081598,23.48998709795191,35.33360706368005,Small Appliances,Toasters
NB-0059,2026-01-19,7.619929074475462,1.6981190916113924,13.541739057339532,Bed & Bath,Bedding
NB-0060,2026-01-19,13.277714132815357,7.355904149951287,19.199524115679427,Small Appliances,Air Purifiers
NB-0061,2026-01-19,22.879955057681425,16.958145074817356,28.801765040545494,Decor,Wall Art
NB-0062,2026-01-19,9.34701402331434,3.4252040404502706,15.26882400617841,Decor,Rugs
NB-0063,2026-01-19,14.455937842017402,8.534127859153333,20.37774782488147,Decor,Rugs
NB-0064,2026-01-19,25.926983544227582,20.005173561363513,31.84879352709165,Bed & Bath,Towels
NB-0065,2026-01-19,70.01852236247557,64.09671237961149,75.94033234533964,Small Appliances,Toasters
NB-0066,2026-01-19,26.196287826087243,20.274477843223174,32.11809780895131,Small Appliances,Air Purifiers
NB-0067,2026-01-19,27.69855680945114,21.776746826587072,33.62036679231521,Lighting,Table Lamps
NB-0068,2026-01-19,16.783694759032798,10.86188477616873,22.705504741896867,Furniture,Sofas
NB-0069,2026-01-19,31.94620971487226,26.02439973200819,37.86801969773633,Small Appliances,Air Purifiers
NB-0070,2026-01-19,28.482244625653003,22.560434642788934,34.40405460851707,Lighting,Pendant Lights
NB-0071,2026-01-19,6.325752776866061,0.40394279400199107,12.24756275973013,Lighting,Table Lamps
NB-0072,2026-01-19,8.500226106927721,2.5784161240636516,14.422036089791792,Bed & Bath,Bath Accessories
NB-0073,2026-01-19,5.156055760180634,0.0,11.077865743044704,Decor,Candles
NB-0074,2026-01-19,11.715559493125365,5.7937495102612955,17.637369475989434,Small Appliances,Blenders
NB-0075,2026-01-19,27.394688523115086,21.472878540251017,33.316498505979155,Furniture,Sofas
NB-0076,2026-01-19,16.879554861849307,10.957744878985238,22.801364844713376,Lighting,Pendant Lights
NB-0077,2026-01-19,6.400674146345194,0.47886416348112437,12.322484129209265,Bed & Bath,Bedding
NB-0078,2026-01-19,6.405965233616482,0.48415525075241206,12.327775216480552,Lighting,Table Lamps
NB-0079,2026-01-19,22.79286809406357,16.871058111199503,28.71467807692764,Decor,Cushions
NB-0080,2026-01-19,27.359989035470463,21.438179052606394,33.28179901833453,Decor,Cushions
NB-0081,2026-01-19,25.76555379636012,19.84374381349605,31.68736377922419,Bed & Bath,Bath Accessories
NB-0082,2026-01-19,20.660561028046637,14.738751045182568,26.582371010910705,Small Appliances,Kettles
NB-0083,2026-01-19,20.968166620067542,15.046356637203473,26.88997660293161,Furniture,Storage
NB-0084,2026-01-19,25.916978282652153,19.995168299788084,31.83878826551622,Furniture,Storage
NB-0085,2026-01-19,7.607828877518659,1.6860188946545893,13.529638860382729,Decor,Rugs
NB-0086,2026-01-19,31.49609315711078,25.574283174246712,37.417903139974854,Small Appliances,Air Purifiers
NB-0087,2026-01-19,12.095106025349594,6.173296042485524,18.016916008213663,Lighting,Floor Lamps
NB-0088,2026-01-19,38.88682658023626,32.96501659737219,44.80863656310033,Small Appliances,Kettles
NB-0089,2026-01-19,2.9133205174588634,0.0,8.835130500322933,Lighting,Floor Lamps
NB-0090,2026-01-19,46.229392472437404,40.307582489573335,52.15120245530147,Small Appliances,Toasters
NB-0091,2026-01-19,38.76502335165642,32.84321336879235,44.686833334520486,Small Appliances,Kettles
NB-0092,2026-01-19,32.19172585313045,26.26991587026638,38.11353583599452,Decor,Cushions
NB-0093,2026-01-19,7.285104250348051,1.3632942674839814,13.206914233212121,Furniture,Tables
NB-0094,2026-01-19,21.987921959558985,16.066111976694916,27.909731942423054,Furniture,Tables
NB-0095,2026-01-19,33.51025786733717,27.588447884473098,39.432067850201236,Lighting,Table Lamps
NB-0096,2026-01-19,32.98908361182659,27.067273628962518,38.910893594690656,Decor,Rugs
NB-0097,2026-01-19,15.650226676351052,9.728416693486981,21.572036659215122,Lighting,Table Lamps
NB-0098,2026-01-19,32.68754835611619,26.76573837325212,38.60935833898026,Decor,Cushions
NB-0099,2026-01-19,45.47987085554442,39.55806087268035,51.40168083840849,Decor,Candles
NB-0100,2026-01-19,27.436093119785433,21.514283136921364,33.3579031026495,Lighting,Floor Lamps
NB-0101,2026-01-19,7.009760833625792,1.0879508507617226,12.931570816489863,Decor,Cushions
NB-0102,2026-01-19,13.41367071783336,7.491860734969291,19.33548070069743,Decor,Cushions
NB-0103,2026-01-19,47.651459463116915,41.729649480252846,53.57326944598098,Furniture,Chairs
NB-0104,2026-01-19,8.130721586164375,2.2089116033003053,14.052531569028446,Lighting,Pendant Lights
NB-0105,2026-01-19,46.54403079314849,40.62222081028442,52.465840776012556,Small Appliances,Toasters
NB-0106,2026-01-19,21.99610134308123,16.07429136021716,27.917911325945298,Lighting,Floor Lamps
NB-0107,2026-01-19,11.525640497773306,5.6038305149092364,17.447450480637375,Furniture,Chairs
NB-0108,2026-01-19,17.628130220235086,11.706320237371017,23.549940203099155,Bed & Bath,Towels
NB-0109,2026-01-19,26.879148614605796,20.957338631741727,32.800958597469865,Small Appliances,Kettles
NB-0110,2026-01-19,11.089755424331768,5.167945441467698,17.01156540719584,Bed & Bath,Bath Accessories
NB-0111,2026-01-19,32.227659404023484,26.305849421159415,38.14946938688755,Lighting,Pendant Lights
NB-0112,2026-01-19,32.21776218893488,26.295952206070808,38.139572171798946,Lighting,Table Lamps
NB-0113,2026-01-19,31.63504995334671,25.71323997048264,37.55685993621078,Lighting,Pendant Lights
NB-0114,2026-01-19,27.293025589239214,21.371215606375145,33.21483557210328,Bed & Bath,Towels
NB-0115,2026-01-19,25.50894296675462,19.58713298389055,31.43075294961869,Decor,Cushions
NB-0116,2026-01-19,9.571850687858174,3.6500407049941037,15.493660670722242,Bed & Bath,Towels
NB-0117,2026-01-19,17.507542560529078,11.58573257766501,23.429352543393147,Furniture,Tables
NB-0118,2026-01-19,19.74715600852291,13.825346025658842,25.66896599138698,Furniture,Storage
NB-0119,2026-01-19,28.8178831023258,22.896073119461732,34.73969308518987,Lighting,Table Lamps
NB-0120,2026-01-19,15.502320592981997,9.580510610117926,21.424130575846068,Bed & Bath,Towels
NB-0121,2026-01-19,6.687480557184177,0.7656705743201071,12.609290540048246,Decor,Candles
NB-0122,2026-01-19,9.811617020735985,3.8898070378719156,15.733427003600056,Decor,Cushions
NB-0123,2026-01-19,27.850613868425334,21.928803885561265,33.7724238512894,Furniture,Tables
NB-0124,2026-01-19,57.45528956884279,51.53347958597872,63.377099551706856,Bed & Bath,Bath Accessories
NB-0125,2026-01-19,43.71841708219813,37.79660709933406,49.6402270650622,Small Appliances,Toasters
NB-0126,2026-01-19,16.98522478182551,11.063414798961443,22.90703476468958,Furniture,Storage
NB-0127,2026-01-19,25.994127360815124,20.072317377951055,31.915937343679193,Bed & Bath,Bedding
NB-0128,2026-01-19,21.238301639103195,15.316491656239126,27.160111621967264,Lighting,Pendant Lights
NB-0129,2026-01-19,25.616717708217276,19.694907725353207,31.538527691081345,Furniture,Storage
NB-0130,2026-01-19,57.415421140969045,51.493611158104976,63.337231123833114,Bed & Bath,Towels
NB-0131,2026-01-19,16.412171759744947,10.490361776880878,22.333981742609016,Decor,Wall Art
NB-0132,2026-01-19,37.88109128048119,31.959281297617125,43.80290126334526,Decor,Rugs
NB-0133,2026-01-19,39.42412828411497,33.5023183012509,45.34593826697904,Decor,Cushions
NB-0134,2026-01-19,37.277061269856716,31.355251286992647,43.198871252720785,Lighting,Table Lamps
NB-0135,2026-01-19,39.249007531183324,33.327197548319255,45.17081751404739,Decor,Wall Art
NB-0136,2026-01-19,6.938950958201182,1.017140975337112,12.860760941065251,Lighting,Pendant Lights
NB-0137,2026-01-19,16.89872797802551,10.97691799516144,22.820537960889578,Lighting,Pendant Lights
NB-0138,2026-01-19,27.20773499997796,21.28592501711389,33.12954498284203,Bed & Bath,Bedding
NB-0139,2026-01-19,16.315725220401117,10.393915237537048,22.237535203265185,Decor,Candles
NB-0140,2026-01-19,14.695550367963527,8.773740385099458,20.617360350827596,Decor,Wall Art
NB-0141,2026-01-19,14.536928749421941,8.61511876655787,20.45873873228601,Decor,Candles
NB-0142,2026-01-19,62.638800350773195,56.716990367909126,68.56061033363727,Small Appliances,Toasters
NB-0143,2026-01-19,9.796869476809064,3.8750594939449945,15.718679459673133,Bed & Bath,Bath Accessories
NB-0144,2026-01-19,15.070768943049362,9.148958960185293,20.99257892591343,Furniture,Chairs
NB-0145,2026-01-19,28.839213882800742,22.917403899936673,34.76102386566481,Lighting,Pendant Lights
NB-0146,2026-01-19,8.609563698788689,2.687753715924619,14.53137368165276,Small Appliances,Kettles
NB-0147,2026-01-19,31.449037982023114,25.527227999159045,37.37084796488718,Furniture,Sofas
NB-0148,2026-01-19,29.75574280102908,23.83393281816501,35.67755278389315,Decor,Wall Art
NB-0149,2026-01-19,17.949718748270897,12.027908765406828,23.871528731134966,Decor,Rugs
NB-0150,2026-01-19,8.757530923813354,2.835720940949284,14.679340906677425,Decor,Rugs
NB-0151,2026-01-19,8.598665159267245,2.6768551764031754,14.520475142131314,Small Appliances,Toasters
NB-0152,2026-01-19,31.872214457030157,25.95040447416609,37.79402443989423,Furniture,Storage
NB-0153,2026-01-19,17.59674338190892,11.67493339904485,23.518553364772988,Lighting,Table Lamps
NB-0154,2026-01-19,6.722038879368056,0.8002288965039863,12.643848862232126,Lighting,Floor Lamps
NB-0155,2026-01-19,9.858694294459564,3.9368843115954943,15.780504277323633,Bed & Bath,Bedding
NB-0156,2026-01-19,54.3441403605033,48.422330377639234,60.26595034336737,Small Appliances,Toasters
NB-0157,2026-01-19,18.020265855483732,12.098455872619663,23.9420758383478,Decor,Rugs
NB-0158,2026-01-19,18.26102547915324,12.339215496289171,24.18283546201731,Furniture,Tables
NB-0159,2026-01-19,23.74282439539354,17.821014412529472,29.66463437825761,Decor,Wall Art
NB-0160,2026-01-19,6.019527926904329,0.09771794404025957,11.9413379097684,Small Appliances,Kettles
NB-0161,2026-01-19,16.20596786670161,10.28415788383754,22.12777784956568,Furniture,Tables
NB-0162,2026-01-19,7.0221774065390345,1.1003674236749648,12.943987389403105,Bed & Bath,Towels
NB-0163,2026-01-19,63.91834142394135,57.99653144107728,69.84015140680542,Lighting,Table Lamps
NB-0164,2026-01-19,33.855835714308824,27.934025731444756,39.77764569717289,Lighting,Table Lamps
NB-0165,2026-01-19,50.912424876566924,44.990614893702855,56.83423485943099,Lighting,Floor Lamps
NB-0166,2026-01-19,29.93034050040113,24.00853051753706,35.8521504832652,Small Appliances,Blenders
NB-0167,2026-01-19,24.914858844372205,18.993048861508136,30.836668827236274,Small Appliances,Toasters
NB-0168,2026-01-19,25.622967334675792,19.701157351811723,31.54477731753986,Decor,Wall Art
NB-0169,2026-01-19,31.602820134045057,25.68101015118099,37.52463011690913,Furniture,Storage
NB-0170,2026-01-19,13.609978161327108,7.688168178463038,19.53178814419118,Small Appliances,Blenders
NB-0171,2026-01-19,8.053623561067944,2.1318135782038743,13.975433543932013,Small Appliances,Blenders
NB-0172,2026-01-19,9.059778390163276,3.137968407299206,14.981588373027346,Bed & Bath,Bath Accessories
NB-0173,2026-01-19,8.256058093238748,2.334248110374678,14.177868076102818,Bed & Bath,Bedding
NB-0174,2026-01-19,20.963070960380406,15.041260977516338,26.884880943244475,Decor,Rugs
NB-0175,2026-01-19,12.669835741123315,6.748025758259245,18.591645723987384,Bed & Bath,Towels
NB-0176,2026-01-19,21.0699234171563,15.148113434292231,26.99173340002037,Furniture,Chairs
NB-0177,2026-01-19,12.68588235239035,6.764072369526279,18.60769233525442,Decor,Wall Art
NB-0178,2026-01-19,17.974488111872738,12.052678129008669,23.896298094736807,Furniture,Sofas
NB-0179,2026-01-19,6.711567454231466,0.7897574713673965,12.633377437095536,Furniture,Sofas
NB-0180,2026-01-19,14.847134330468654,8.925324347604583,20.768944313332725,Furniture,Chairs
NB-0181,2026-01-19,13.686798796185496,7.764988813321426,19.608608779049565,Bed & Bath,Bedding
NB-0182,2026-01-19,27.23612287148843,21.31431288862436,33.1579328543525,Furniture,Storage
NB-0183,2026-01-19,25.493289320697837,19.571479337833768,31.415099303561906,Lighting,Table Lamps
NB-0184,2026-01-19,46.76890753537008,40.847097552506014,52.69071751823415,Bed & Bath,Towels
NB-0185,2026-01-19,33.840874962824124,27.919064979960055,39.76268494568819,Decor,Cushions
NB-0186,2026-01-19,33.43840246479302,27.516592481928953,39.36021244765709,Furniture,Storage
NB-0187,2026-01-19,38.567974383490835,32.646164400626766,44.489784366354904,Furniture,Tables
NB-0188,2026-01-19,8.277768400181342,2.3559584173172725,14.199578383045413,Bed & Bath,Towels
NB-0189,2026-01-19,21.936059464657937,16.01424948179387,27.857869447522006,Decor,Rugs
NB-0190,2026-01-19,34.55699989845865,28.63518991559458,40.47880988132272,Lighting,Table Lamps
NB-0191,2026-01-19,11.911649305680033,5.989839322815963,17.833459288544102,Furniture,Chairs
NB-0192,2026-01-19,3.057866748145119,0.0,8.979676731009189,Furniture,Chairs
NB-0193,2026-01-19,12.332310168607037,6.4105001857429675,18.254120151471106,Furniture,Sofas
NB-0194,2026-01-19,19.888370765689135,13.966560782825066,25.810180748553204,Decor,Cushions
NB-0195,2026-01-19,29.08604380536884,23.16423382250477,35.00785378823291,Small Appliances,Toasters
NB-0196,2026-01-19,24.32334064295779,18.40153066009372,30.245150625821857,Furniture,Storage
NB-0197,2026-01-19,10.921489283183547,4.999679300319477,16.843299266047616,Small Appliances,Air Purifiers
NB-0198,2026-01-19,6.9088021385731455,0.9869921557090757,12.830612121437216,Furniture,Tables
NB-0199,2026-01-19,68.02070677128205,62.09889678841798,73.94251675414613,Furniture,Chairs
NB-0200,2026-01-19,6.749136721747038,0.8273267388829684,12.670946704611108,Decor,Rugs
NB-0001,2026-01-26,8.914180122535816,2.9923701396717464,14.835990105399887,Small Appliances,Blenders
NB-0002,2026-01-26,29.8965535391214,23.97474355625733,35.81836352198547,Bed & Bath,Bath Accessories
NB-0003,2026-01-26,33.09183635398134,27.170026371117274,39.01364633684541,Decor,Wall Art
NB-0004,2026-01-26,19.92885903381165,14.007049050947582,25.85066901667572,Decor,Wall Art
NB-0005,2026-01-26,18.891991911805107,12.970181928941038,24.813801894669176,Decor,Candles
NB-0006,2026-01-26,16.72653690650395,10.80472692363988,22.648346889368018,Decor,Candles
NB-0007,2026-01-26,13.417219132935905,7.495409150071835,19.339029115799974,Bed & Bath,Bedding
NB-0008,2026-01-26,16.42229619003996,10.500486207175893,22.34410617290403,Furniture,Chairs
NB-0009,2026-01-26,23.809191265817876,17.887381282953807,29.731001248681945,Small Appliances,Toasters
NB-0010,2026-01-26,27.157128133880278,21.23531815101621,33.07893811674435,Decor,Cushions
NB-0011,2026-01-26,10.926442377876253,5.004632395012183,16.84825236074032,Furniture,Chairs
NB-0012,2026-01-26,6.088040475354011,0.16623049248994093,12.00985045821808,Decor,Candles
NB-0013,2026-01-26,5.677071463345522,0.0,11.598881446209592,Decor,Cushions
NB-0014,2026-01-26,16.50060020448169,10.57879022161762,22.422410187345758,Lighting,Floor Lamps
NB-0015,2026-01-26,35.07527413788943,29.15346415502536,40.9970841207535,Decor,Candles
NB-0016,2026-01-26,5.49708184932904,0.0,11.41889183219311,Decor,Rugs
NB-0017,2026-01-26,34.69179245713854,28.76998247427447,40.61360244000261,Decor,Rugs
NB-0018,2026-01-26,20.868742564430107,14.946932581566038,26.790552547294176,Small Appliances,Blenders
NB-0019,2026-01-26,18.02880762931328,12.106997646449212,23.95061761217735,Small Appliances,Toasters
NB-0020,2026-01-26,20.777917499914384,14.856107517050315,26.699727482778453,Decor,Candles
NB-0021,2026-01-26,24.95442080596647,19.032610823102402,30.87623078883054,Decor,Candles
NB-0022,2026-01-26,37.69471626699686,31.772906284132794,43.61652624986093,Decor,Candles
NB-0023,2026-01-26,25.99255485739882,20.07074487453475,31.914364840262888,Decor,Wall Art
NB-0024,2026-01-26,13.172980506498293,7.251170523634223,19.094790489362364,Small Appliances,Blenders
NB-0025,2026-01-26,16.68680742430462,10.764997441440553,22.60861740716869,Furniture,Chairs
NB-0026,2026-01-26,34.43545151753869,28.51364153467462,40.35726150040276,Furniture,Tables
NB-0027,2026-01-26,4.9973351840969045,0.0,10.919145166960973,Lighting,Floor Lamps
NB-0028,2026-01-26,34.31194354895328,28.39013356608921,40.23375353181735,Decor,Rugs
NB-0029,2026-01-26,7.045285001687658,1.123475018823588,12.967094984551728,Lighting,Floor Lamps
NB-0030,2026-01-26,23.708188624425343,17.786378641561274,29.629998607289412,Decor,Rugs
NB-0031,2026-01-26,54.45818278053097,48.5363727976669,60.37999276339504,Lighting,Table Lamps
NB-0032,2026-01-26,7.849088054230633,1.9272780713665636,13.770898037094703,Small Appliances,Kettles
NB-0033,2026-01-26,34.382338925522276,28.460528942658208,40.304148908386345,Furniture,Sofas
NB-0034,2026-01-26,33.26919765543968,27.347387672575614,39.19100763830375,Decor,Wall Art
NB-0035,2026-01-26,7.10682779777048,1.1850178149064101,13.02863778063455,Bed & Bath,Bedding
NB-0036,2026-01-26,33.946129330394896,28.024319347530827,39.867939313258965,Small Appliances,Toasters
NB-0037,2026-01-26,7.091778114140255,1.1699681312761854,13.013588097004325,Small Appliances,Air Purifiers
NB-0038,2026-01-26,6.082449385712827,0.16063940284875677,12.004259368576896,Decor,Cushions
NB-0039,2026-01-26,20.143192282638257,14.221382299774188,26.065002265502326,Furniture,Storage
NB-0040,2026-01-26,6.467212250188899,0.5454022673248291,12.38902223305297,Decor,Wall Art
NB-0041,2026-01-26,27.150551976058484,21.228741993194415,33.072361958922556,Furniture,Storage
NB-0042,2026-01-26,32.42608590686931,26.504275924005242,38.34789588973338,Lighting,Table Lamps
NB-0043,2026-01-26,8.921212135502698,2.999402152638628,14.843022118366768,Small Appliances,Blenders
NB-0044,2026-01-26,8.194763238938641,2.2729532560745715,14.11657322180271,Decor,Cushions
NB-0045,2026-01-26,12.983707182434143,7.0618971995700734,18.905517165298214,Decor,Rugs
NB-0046,2026-01-26,33.91886598599203,27.99705600312796,39.8406759688561,Furniture,Tables
NB-0047,2026-01-26,32.38813967750301,26.466329694638944,38.30994966036708,Bed & Bath,Bath Accessories
NB-0048,2026-01-26,7.056907578425706,1.1350975955616365,12.978717561289777,Furniture,Chairs
NB-0049,2026-01-26,38.14676933832633,32.22495935546226,44.0685793211904,Lighting,Pendant Lights
NB-0050,2026-01-26,8.134428624087931,2.2126186412238615,14.056238606952,Decor,Wall Art
NB-0051,2026-01-26,20.324686482771504,14.402876499907435,26.246496465635573,Decor,Candles
NB-0052,2026-01-26,20.086930988428676,14.165121005564608,26.008740971292745,Lighting,Floor Lamps
NB-0053,2026-01-26,47.54751374327925,41.62570376041518,53.469323726143315,Bed & Bath,Towels
NB-0054,2026-01-26,44.061529636583835,38.139719653719766,49.983339619447904,Furniture,Tables
NB-0055,2026-01-26,19.769247814273445,13.847437831409376,25.691057797137514,Small Appliances,Air Purifiers
NB-0056,2026-01-26,8.18241520579237,2.2606052229283007,14.10422518865644,Bed & Bath,Towels
NB-0057,2026-01-26,22.27760583982391,16.35579585695984,28.19941582268798,Lighting,Pendant Lights
NB-0058,2026-01-26,28.82378656942091,22.90197658655684,34.74559655228498,Small Appliances,Toasters
NB-0059,2026-01-26,6.988905273467154,1.067095290603084,12.910715256331223,Bed & Bath,Bedding
NB-0060,2026-01-26,13.57588205357414,7.654072070710071,19.49769203643821,Small Appliances,Air Purifiers
NB-0061,2026-01-26,22.023054792622638,16.10124480975857,27.944864775486707,Decor,Wall Art
NB-0062,2026-01-26,8.871178299913158,2.949368317049088,14.792988282777227,Decor,Rugs
NB-0063,2026-01-26,14.588672858581566,8.666862875717495,20.510482841445636,Decor,Rugs
NB-0064,2026-01-26,25.96244645938863,20.04063647652456,31.8842564422527,Bed & Bath,Towels
NB-0065,2026-01-26,70.23859932788919,64.31678934502511,76.16040931075327,Small Appliances,Toasters
NB-0066,2026-01-26,26.71963646950481,20.79782648664074,32.64144645236888,Small Appliances,Air Purifiers
NB-0067,2026-01-26,31.226108805427266,25.304298822563197,37.147918788291335,Lighting,Table Lamps
NB-0068,2026-01-26,15.876572284466961,9.95476230160289,21.798382267331032,Furniture,Sofas
NB-0069,2026-01-26,30.134136511547535,24.212326528683466,36.05594649441161,Small Appliances,Air Purifiers
NB-0070,2026-01-26,31.00094441423252,25.079134431368452,36.92275439709659,Lighting,Pendant Lights
NB-0071,2026-01-26,6.930476856114485,1.008666873250415,12.852286838978554,Lighting,Table Lamps
NB-0072,2026-01-26,8.676545345541552,2.754735362677482,14.59835532840562,Bed & Bath,Bath Accessories
NB-0073,2026-01-26,4.981186604929016,0.0,10.902996587793087,Decor,Candles
NB-0074,2026-01-26,12.474783865132453,6.552973882268383,18.396593847996524,Small Appliances,Blenders
NB-0075,2026-01-26,26.305468719580944,20.383658736716875,32.22727870244501,Furniture,Sofas
NB-0076,2026-01-26,16.10729289874881,10.18548291588474,22.02910288161288,Lighting,Pendant Lights
NB-0077,2026-01-26,7.223426470614351,1.3016164877502812,13.145236453478422,Bed & Bath,Bedding
NB-0078,2026-01-26,6.471270057322704,0.5494600744586347,12.393080040186774,Lighting,Table Lamps
NB-0079,2026-01-26,23.656893032928682,17.735083050064613,29.57870301579275,Decor,Cushions
NB-0080,2026-01-26,26.095242321465523,20.173432338601454,32.017052304329596,Decor,Cushions
NB-0081,2026-01-26,27.646524867537465,21.724714884673396,33.568334850401534,Bed & Bath,Bath Accessories
NB-0082,2026-01-26,18.476070366033234,12.554260383169165,24.397880348897303,Small Appliances,Kettles
NB-0083,2026-01-26,20.875629739192533,14.953819756328464,26.797439722056602,Furniture,Storage
NB-0084,2026-01-26,25.203150972116354,19.281340989252286,31.124960954980423,Furniture,Storage
NB-0085,2026-01-26,7.236670139473281,1.3148601566092113,13.158480122337352,Decor,Rugs
NB-0086,2026-01-26,29.760001234043063,23.838191251178994,35.681811216907136,Small Appliances,Air Purifiers
NB-0087,2026-01-26,12.600323010570236,6.678513027706166,18.522132993434305,Lighting,Floor Lamps
NB-0088,2026-01-26,32.76085739007359,26.83904740720952,38.68266737293766,Small Appliances,Kettles
NB-0089,2026-01-26,3.259836716896843,0.0,9.181646699760913,Lighting,Floor Lamps
NB-0090,2026-01-26,42.25290101932981,36.33109103646574,48.17471100219388,Small Appliances,Toasters
NB-0091,2026-01-26,36.93011540436987,31.008305421505803,42.85192538723394,Small Appliances,Kettles
NB-0092,2026-01-26,31.574573386440463,25.652763403576394,37.49638336930453,Decor,Cushions
NB-0093,2026-01-26,8.052580110200786,2.1307701273367163,13.974390093064855,Furniture,Tables
NB-0094,2026-01-26,23.225724212902943,17.303914230038874,29.14753419576701,Furniture,Tables
NB-0095,2026-01-26,32.74083345762909,26.819023474765018,38.662643440493156,Lighting,Table Lamps
NB-0096,2026-01-26,30.971789452259866,25.049979469395797,36.89359943512394,Decor,Rugs
NB-0097,2026-01-26,15.797843708859466,9.876033725995395,21.719653691723536,Lighting,Table Lamps
NB-0098,2026-01-26,30.566512371284322,24.644702388420253,36.488322354148394,Decor,Cushions
NB-0099,2026-01-26,40.18196775403643,34.26015777117236,46.1037777369005,Decor,Candles
NB-0100,2026-01-26,29.501824654220087,23.580014671356018,35.423634637084156,Lighting,Floor Lamps
NB-0101,2026-01-26,7.062556410063683,1.1407464271996135,12.984366392927754,Decor,Cushions
NB-0102,2026-01-26,13.051483004192313,7.1296730213282435,18.973292987056382,Decor,Cushions
NB-0103,2026-01-26,46.0096541751148,40.08784419225073,51.931464157978866,Furniture,Chairs
NB-0104,2026-01-26,9.14518579741639,3.2233758145523206,15.066995780280461,Lighting,Pendant Lights
NB-0105,2026-01-26,52.5206964300442,46.59888644718013,58.442506412908266,Small Appliances,Toasters
NB-0106,2026-01-26,21.64143726640565,15.71962728354158,27.56324724926972,Lighting,Floor Lamps
NB-0107,2026-01-26,12.23326745851928,6.311457475655211,18.15507744138335,Furniture,Chairs
NB-0108,2026-01-26,17.339083458608226,11.417273475744157,23.260893441472295,Bed & Bath,Towels
NB-0109,2026-01-26,28.62921849730908,22.70740851444501,34.55102848017315,Small Appliances,Kettles
NB-0110,2026-01-26,10.491483988698096,4.569674005834027,16.413293971562165,Bed & Bath,Bath Accessories
NB-0111,2026-01-26,30.99663940198271,25.07482941911864,36.91844938484678,Lighting,Pendant Lights
NB-0112,2026-01-26,31.11906041433915,25.19725043147508,37.04087039720322,Lighting,Table Lamps
NB-0113,2026-01-26,29.663627336487806,23.741817353623738,35.585437319351875,Lighting,Pendant Lights
NB-0114,2026-01-26,26.82169033099787,20.899880348133802,32.743500313861944,Bed & Bath,Towels
NB-0115,2026-01-26,25.618608840886072,19.696798858022003,31.54041882375014,Decor,Cushions
NB-0116,2026-01-26,9.49375171483567,3.5719417319715996,15.41556169769974,Bed & Bath,Towels
NB-0117,2026-01-26,17.37167714226834,11.44986715940427,23.29348712513241,Furniture,Tables
NB-0118,2026-01-26,18.710072124278657,12.788262141414588,24.631882107142726,Furniture,Storage
NB-0119,2026-01-26,27.392191476376638,21.47038149351257,33.31400145924071,Lighting,Table Lamps
NB-0120,2026-01-26,17.01295203894732,11.09114205608325,22.934762021811387,Bed & Bath,Towels
NB-0121,2026-01-26,6.552451185574702,0.6306412027106321,12.474261168438773,Decor,Candles
NB-0122,2026-01-26,8.810994961884875,2.889184979020805,14.732804944748946,Decor,Cushions
NB-0123,2026-01-26,32.005866422374844,26.084056439510775,37.92767640523891,Furniture,Tables
NB-0124,2026-01-26,56.15468850263146,50.23287851976739,62.07649848549553,Bed & Bath,Bath Accessories
NB-0125,2026-01-26,42.446090598586814,36.524280615722745,48.36790058145088,Small Appliances,Toasters
NB-0126,2026-01-26,17.3659164310446,11.44410644818053,23.28772641390867,Furniture,Storage
NB-0127,2026-01-26,26.95805728461901,21.03624730175494,32.87986726748308,Bed & Bath,Bedding
NB-0128,2026-01-26,21.98846453106387,16.0666545481998,27.910274513927938,Lighting,Pendant Lights
NB-0129,2026-01-26,27.131191950772763,21.209381967908694,33.053001933636835,Furniture,Storage
NB-0130,2026-01-26,53.0407126607916,47.11890267792753,58.96252264365567,Bed & Bath,Towels
NB-0131,2026-01-26,14.74700250022626,8.82519251736219,20.66881248309033,Decor,Wall Art
NB-0132,2026-01-26,32.032272392731656,26.110462409867587,37.954082375595725,Decor,Rugs
NB-0133,2026-01-26,42.57022156851134,36.648411585647274,48.49203155137541,Decor,Cushions
NB-0134,2026-01-26,40.21984216902259,34.29803218615852,46.14165215188666,Lighting,Table Lamps
NB-0135,2026-01-26,30.210971944615093,24.289161961751024,36.132781927479165,Decor,Wall Art
NB-0136,2026-01-26,6.993942189101246,1.0721322062371765,12.915752171965316,Lighting,Pendant Lights
NB-0137,2026-01-26,16.72251066838539,10.80070068552132,22.64432065124946,Lighting,Pendant Lights
NB-0138,2026-01-26,26.828751299296215,20.906941316432146,32.750561282160284,Bed & Bath,Bedding
NB-0139,2026-01-26,15.703973994981911,9.782164012117843,21.62578397784598,Decor,Candles
NB-0140,2026-01-26,14.339383852235969,8.4175738693719,20.261193835100038,Decor,Wall Art
NB-0141,2026-01-26,13.765485941371868,7.843675958507798,19.687295924235936,Decor,Candles
NB-0142,2026-01-26,61.411846700350374,55.490036717486305,67.33365668321444,Small Appliances,Toasters
NB-0143,2026-01-26,8.822186163955443,2.9003761810913735,14.743996146819512,Bed & Bath,Bath Accessories
NB-0144,2026-01-26,16.714341722703463,10.792531739839394,22.63615170556753,Furniture,Chairs
NB-0145,2026-01-26,27.009222081419626,21.087412098555557,32.9310320642837,Lighting,Pendant Lights
NB-0146,2026-01-26,7.999866985413531,2.0780570025494614,13.921676968277602,Small Appliances,Kettles
NB-0147,2026-01-26,31.335403067552043,25.413593084687975,37.25721305041611,Furniture,Sofas
NB-0148,2026-01-26,25.408874689783897,19.487064706919828,31.330684672647966,Decor,Wall Art
NB-0149,2026-01-26,16.29002601526176,10.36821603239769,22.211835998125828,Decor,Rugs
NB-0150,2026-01-26,7.907241094475618,1.9854311116115486,13.829051077339688,Decor,Rugs
NB-0151,2026-01-26,8.977864520599901,3.0560545377358315,14.89967450346397,Small Appliances,Toasters
NB-0152,2026-01-26,30.419230782909864,24.497420800045795,36.34104076577393,Furniture,Storage
NB-0153,2026-01-26,17.225173739204855,11.303363756340786,23.146983722068924,Lighting,Table Lamps
NB-0154,2026-01-26,7.895984383643944,1.9741744007798738,13.817794366508014,Lighting,Floor Lamps
NB-0155,2026-01-26,9.775808293787515,3.853998310923445,15.697618276651585,Bed & Bath,Bedding
NB-0156,2026-01-26,53.147501973642996,47.22569199077893,59.069311956507065,Small Appliances,Toasters
NB-0157,2026-01-26,17.54262250997609,11.620812527112022,23.46443249284016,Decor,Rugs
NB-0158,2026-01-26,18.327374928147155,12.405564945283086,24.249184911011223,Furniture,Tables
NB-0159,2026-01-26,22.190532277516432,16.268722294652363,28.1123422603805,Decor,Wall Art
NB-0160,2026-01-26,5.481324230214237,0.0,11.403134213078307,Small Appliances,Kettles
NB-0161,2026-01-26,15.991972496405008,10.07016251354094,21.913782479269077,Furniture,Tables
NB-0162,2026-01-26,6.850697048464117,0.9288870656000476,12.772507031328187,Bed & Bath,Towels
NB-0163,2026-01-26,64.26783360112057,58.3460236182565,70.18964358398465,Lighting,Table Lamps
NB-0164,2026-01-26,31.687541309520746,25.765731326656677,37.609351292384815,Lighting,Table Lamps
NB-0165,2026-01-26,55.08396564112533,49.16215565826126,61.0057756239894,Lighting,Floor Lamps
NB-0166,2026-01-26,29.278377424699574,23.356567441835505,35.20018740756365,Small Appliances,Blenders
NB-0167,2026-01-26,24.85132084726313,18.92951086439906,30.773130830127197,Small Appliances,Toasters
NB-0168,2026-01-26,22.751101792255994,16.829291809391925,28.672911775120063,Decor,Wall Art
NB-0169,2026-01-26,29.588810474186683,23.667000491322614,35.510620457050756,Furniture,Storage
NB-0170,2026-01-26,13.233453404981057,7.311643422116988,19.155263387845128,Small Appliances,Blenders
NB-0171,2026-01-26,8.296956153320696,2.3751461704566266,14.218766136184765,Small Appliances,Blenders
NB-0172,2026-01-26,9.111644296272269,3.1898343134081992,15.03345427913634,Bed & Bath,Bath Accessories
NB-0173,2026-01-26,8.492140812492291,2.5703308296282215,14.41395079535636,Bed & Bath,Bedding
NB-0174,2026-01-26,18.373986413576805,12.452176430712736,24.295796396440874,Decor,Rugs
NB-0175,2026-01-26,13.137829519321478,7.2160195364574085,19.059639502185547,Bed & Bath,Towels
NB-0176,2026-01-26,22.499577310758852,16.577767327894783,28.42138729362292,Furniture,Chairs
NB-0177,2026-01-26,12.078629479718025,6.156819496853955,18.000439462582094,Decor,Wall Art
NB-0178,2026-01-26,16.91941045647029,10.99760047360622,22.841220439334357,Furniture,Sofas
NB-0179,2026-01-26,8.198855548663703,2.277045565799633,14.120665531527774,Furniture,Sofas
NB-0180,2026-01-26,17.53334286369324,11.61153288082917,23.455152846557308,Furniture,Chairs
NB-0181,2026-01-26,12.945271643385796,7.023461660521726,18.867081626249867,Bed & Bath,Bedding
NB-0182,2026-01-26,27.258281946109243,21.336471963245174,33.18009192897331,Furniture,Storage
NB-0183,2026-01-26,27.703771380387323,21.781961397523254,33.62558136325139,Lighting,Table Lamps
NB-0184,2026-01-26,46.53099125619192,40.60918127332785,52.45280123905599,Bed & Bath,Towels
NB-0185,2026-01-26,33.64244437395604,27.72063439109197,39.56425435682011,Decor,Cushions
NB-0186,2026-01-26,32.51994594097632,26.598135958112252,38.44175592384039,Furniture,Storage
NB-0187,2026-01-26,36.04321970956221,30.12140972669814,41.96502969242628,Furniture,Tables
NB-0188,2026-01-26,7.7567240261659665,1.8349140433018967,13.678534009030036,Bed & Bath,Towels
NB-0189,2026-01-26,20.72208592343832,14.800275940574252,26.64389590630239,Decor,Rugs
NB-0190,2026-01-26,32.84031790903714,26.91850792617307,38.76212789190121,Lighting,Table Lamps
NB-0191,2026-01-26,13.008496216946888,7.086686234082818,18.930306199810957,Furniture,Chairs
NB-0192,2026-01-26,3.4902584645453842,0.0,9.412068447409453,Furniture,Chairs
NB-0193,2026-01-26,12.71998369284298,6.798173709978911,18.64179367570705,Furniture,Sofas
NB-0194,2026-01-26,16.86679291806136,10.944982935197292,22.78860290092543,Decor,Cushions
NB-0195,2026-01-26,29.769903211543888,23.84809322867982,35.69171319440796,Small Appliances,Toasters
NB-0196,2026-01-26,24.182733951175766,18.260923968311698,30.104543934039835,Furniture,Storage
NB-0197,2026-01-26,10.22716149411272,4.30535151124865,16.14897147697679,Small Appliances,Air Purifiers
NB-0198,2026-01-26,6.503299429147635,0.5814894462835651,12.425109412011704,Furniture,Tables
NB-0199,2026-01-26,76.19626024071002,70.27445025784594,82.1180702235741,Furniture,Chairs
NB-0200,2026-01-26,7.111388202820033,1.1895782199559628,13.033198185684103,Decor,Rugs
NB-0001,2026-02-02,9.016155708947176,3.094345726083106,14.937965691811247,Small Appliances,Blenders
NB-0002,2026-02-02,30.715166081857948,24.79335609899388,36.63697606472202,Bed & Bath,Bath Accessories
NB-0003,2026-02-02,32.098220359483335,26.176410376619266,38.020030342347404,Decor,Wall Art
NB-0004,2026-02-02,20.008438213426782,14.086628230562713,25.93024819629085,Decor,Wall Art
NB-0005,2026-02-02,18.492034579649157,12.570224596785089,24.413844562513226,Decor,Candles
NB-0006,2026-02-02,17.777556363726784,11.855746380862715,23.699366346590853,Decor,Candles
NB-0007,2026-02-02,15.767828660548078,9.846018677684008,21.68963864341215,Bed & Bath,Bedding
NB-0008,2026-02-02,17.441386631036046,11.519576648171977,23.363196613900115,Furniture,Chairs
NB-0009,2026-02-02,24.89230228413122,18.97049230126715,30.814112266995288,Small Appliances,Toasters
NB-0010,2026-02-02,27.78755204582152,21.86574206295745,33.70936202868559,Decor,Cushions
NB-0011,2026-02-02,11.2733910325379,5.35158104967383,17.19520101540197,Furniture,Chairs
NB-0012,2026-02-02,6.499855496346521,0.5780455134824516,12.421665479210592,Decor,Candles
NB-0013,2026-02-02,5.8061267600980795,0.0,11.72793674296215,Decor,Cushions
NB-0014,2026-02-02,16.845270672655882,10.923460689791813,22.76708065551995,Lighting,Floor Lamps
NB-0015,2026-02-02,36.24336312327151,30.32155314040744,42.165173106135576,Decor,Candles
NB-0016,2026-02-02,5.272140609327551,0.0,11.193950592191621,Decor,Rugs
NB-0017,2026-02-02,33.899817851617776,27.978007868753707,39.821627834481845,Decor,Rugs
NB-0018,2026-02-02,21.606528029715406,15.684718046851337,27.528338012579475,Small Appliances,Blenders
NB-0019,2026-02-02,17.612876447021954,11.691066464157885,23.534686429886023,Small Appliances,Toasters
NB-0020,2026-02-02,20.081832353152308,14.160022370288239,26.003642336016377,Decor,Candles
NB-0021,2026-02-02,25.754460422999927,19.832650440135858,31.676270405863995,Decor,Candles
NB-0022,2026-02-02,37.315071000826535,31.393261017962466,43.236880983690604,Decor,Candles
NB-0023,2026-02-02,26.62758735967195,20.70577737680788,32.54939734253602,Decor,Wall Art
NB-0024,2026-02-02,13.123065853287667,7.201255870423597,19.044875836151736,Small Appliances,Blenders
NB-0025,2026-02-02,16.311821636223833,10.390011653359764,22.2336316190879,Furniture,Chairs
NB-0026,2026-02-02,38.82135857215756,32.89954858929349,44.743168555021626,Furniture,Tables
NB-0027,2026-02-02,5.536664867558004,0.0,11.458474850422075,Lighting,Floor Lamps
NB-0028,2026-02-02,34.85079576426474,28.92898578140067,40.77260574712881,Decor,Rugs
NB-0029,2026-02-02,7.706102321416257,1.784292338552187,13.627912304280326,Lighting,Floor Lamps
NB-0030,2026-02-02,24.600771042041366,18.678961059177297,30.522581024905435,Decor,Rugs
NB-0031,2026-02-02,54.10577024735122,48.18396026448715,60.027580230215285,Lighting,Table Lamps
NB-0032,2026-02-02,8.047743717393912,2.125933734529842,13.969553700257983,Small Appliances,Kettles
NB-0033,2026-02-02,36.88014030036504,30.958330317500973,42.80195028322911,Furniture,Sofas
NB-0034,2026-02-02,31.674703329040128,25.75289334617606,37.5965133119042,Decor,Wall Art
NB-0035,2026-02-02,7.125985016826265,1.204175033962195,13.047794999690336,Bed & Bath,Bedding
NB-0036,2026-02-02,33.949970963128074,28.028160980264005,39.87178094599214,Small Appliances,Toasters
NB-0037,2026-02-02,7.429741951922952,1.5079319690588822,13.351551934787022,Small Appliances,Air Purifiers
NB-0038,2026-02-02,5.447077598360462,0.0,11.36888758122453,Decor,Cushions
NB-0039,2026-02-02,20.42036852056015,14.49855853769608,26.34217850342422,Furniture,Storage
NB-0040,2026-02-02,6.933863321919487,1.0120533390554174,12.855673304783558,Decor,Wall Art
NB-0041,2026-02-02,27.795944169997128,21.87413418713306,33.7177541528612,Furniture,Storage
NB-0042,2026-02-02,32.22594984376565,26.30413986090158,38.147759826629716,Lighting,Table Lamps
NB-0043,2026-02-02,8.924742222163765,3.002932239299695,14.846552205027834,Small Appliances,Blenders
NB-0044,2026-02-02,8.186646353635254,2.2648363707711843,14.108456336499323,Decor,Cushions
NB-0045,2026-02-02,12.993667037531342,7.071857054667272,18.91547702039541,Decor,Rugs
NB-0046,2026-02-02,34.301464885797245,28.379654902933176,40.22327486866131,Furniture,Tables
NB-0047,2026-02-02,31.960723669136343,26.038913686272274,37.88253365200041,Bed & Bath,Bath Accessories
NB-0048,2026-02-02,7.507565355769851,1.5857553729057816,13.429375338633921,Furniture,Chairs
NB-0049,2026-02-02,36.96559524569303,31.043785262828962,42.8874052285571,Lighting,Pendant Lights
NB-0050,2026-02-02,8.264188188561521,2.342378205697451,14.185998171425592,Decor,Wall Art
NB-0051,2026-02-02,20.366649819293546,14.444839836429477,26.288459802157615,Decor,Candles
NB-0052,2026-02-02,21.77039893041715,15.848588947553083,27.69220891328122,Lighting,Floor Lamps
NB-0053,2026-02-02,53.22866422512818,47.30685424226411,59.15047420799225,Bed & Bath,Towels
NB-0054,2026-02-02,50.92822369795235,45.00641371508828,56.850033680816416,Furniture,Tables
NB-0055,2026-02-02,20.428092705582188,14.506282722718119,26.349902688446257,Small Appliances,Air Purifiers
NB-0056,2026-02-02,8.28861515229039,2.3668051694263204,14.210425135154459,Bed & Bath,Towels
NB-0057,2026-02-02,23.025720334113945,17.103910351249876,28.947530316978014,Lighting,Pendant Lights
NB-0058,2026-02-02,30.075373531742535,24.153563548878466,35.997183514606604,Small Appliances,Toasters
NB-0059,2026-02-02,7.537364817367214,1.6155548345031443,13.459174800231285,Bed & Bath,Bedding
NB-0060,2026-02-02,13.00852983756127,7.0867198546972,18.93033982042534,Small Appliances,Air Purifiers
NB-0061,2026-02-02,20.127593466661466,14.205783483797397,26.049403449525535,Decor,Wall Art
NB-0062,2026-02-02,8.687612908381904,2.7658029255178347,14.609422891245973,Decor,Rugs
NB-0063,2026-02-02,15.453459121770164,9.531649138906094,21.375269104634235,Decor,Rugs
NB-0064,2026-02-02,25.89875297073378,19.976942987869712,31.82056295359785,Bed & Bath,Towels
NB-0065,2026-02-02,73.84505682358356,67.92324684071949,79.76686680644764,Small Appliances,Toasters
NB-0066,2026-02-02,26.370946822875368,20.4491368400113,32.29275680573944,Small Appliances,Air Purifiers
NB-0067,2026-02-02,31.63691602900892,25.71510604614485,37.55872601187299,Lighting,Table Lamps
NB-0068,2026-02-02,16.28221288082156,10.360402897957492,22.20402286368563,Furniture,Sofas
NB-0069,2026-02-02,29.801546654448448,23.87973667158438,35.72335663731252,Small Appliances,Air Purifiers
NB-0070,2026-02-02,34.29549007562134,28.37368009275727,40.21730005848541,Lighting,Pendant Lights
NB-0071,2026-02-02,7.739080481893703,1.8172704990296333,13.660890464757774,Lighting,Table Lamps
NB-0072,2026-02-02,8.632834282513485,2.7110242996494156,14.554644265377554,Bed & Bath,Bath Accessories
NB-0073,2026-02-02,5.171788450581975,0.0,11.093598433446044,Decor,Candles
NB-0074,2026-02-02,12.917511527371914,6.9957015445078445,18.839321510235983,Small Appliances,Blenders
NB-0075,2026-02-02,27.557517178826753,21.635707195962684,33.479327161690826,Furniture,Sofas
NB-0076,2026-02-02,15.70513409999258,9.783324117128512,21.62694408285665,Lighting,Pendant Lights
NB-0077,2026-02-02,7.180629848421244,1.2588198655571743,13.102439831285313,Bed & Bath,Bedding
NB-0078,2026-02-02,6.384857816084211,0.4630478332201413,12.306667798948281,Lighting,Table Lamps
NB-0079,2026-02-02,24.082845510336,18.16103552747193,30.00465549320007,Decor,Cushions
NB-0080,2026-02-02,26.58714417700184,20.66533419413777,32.50895415986591,Decor,Cushions
NB-0081,2026-02-02,27.44430881862023,21.52249883575616,33.3661188014843,Bed & Bath,Bath Accessories
NB-0082,2026-02-02,18.275290912965158,12.353480930101089,24.197100895829227,Small Appliances,Kettles
NB-0083,2026-02-02,21.78273213315577,15.8609221502917,27.704542116019837,Furniture,Storage
NB-0084,2026-02-02,26.854199376959254,20.932389394095186,32.77600935982333,Furniture,Storage
NB-0085,2026-02-02,7.31712540876473,1.3953154259006606,13.2389353916288,Decor,Rugs
NB-0086,2026-02-02,29.754707439085742,23.832897456221673,35.67651742194981,Small Appliances,Air Purifiers
NB-0087,2026-02-02,12.706047199028031,6.7842372161639615,18.6278571818921,Lighting,Floor Lamps
NB-0088,2026-02-02,43.526255165722155,37.604445182858086,49.448065148586224,Small Appliances,Kettles
NB-0089,2026-02-02,3.2760573713111922,0.0,9.197867354175262,Lighting,Floor Lamps
NB-0090,2026-02-02,41.890359777572925,35.968549794708856,47.812169760436994,Small Appliances,Toasters
NB-0091,2026-02-02,40.249254637644846,34.32744465478078,46.171064620508915,Small Appliances,Kettles
NB-0092,2026-02-02,31.51909958134399,25.59728959847992,37.44090956420806,Decor,Cushions
NB-0093,2026-02-02,8.349788458004419,2.427978475140349,14.271598440868488,Furniture,Tables
NB-0094,2026-02-02,22.411576740305293,16.489766757441224,28.33338672316936,Furniture,Tables
NB-0095,2026-02-02,30.140920991664125,24.219111008800056,36.06273097452819,Lighting,Table Lamps
NB-0096,2026-02-02,29.60828888971544,23.68647890685137,35.53009887257951,Decor,Rugs
NB-0097,2026-02-02,17.483565842691174,11.561755859827105,23.405375825555243,Lighting,Table Lamps
NB-0098,2026-02-02,33.60131625463333,27.679506271769263,39.5231262374974,Decor,Cushions
NB-0099,2026-02-02,38.32851303794331,32.40670305507924,44.25032302080738,Decor,Candles
NB-0100,2026-02-02,30.865897193028314,24.944087210164245,36.787707175892386,Lighting,Floor Lamps
NB-0101,2026-02-02,7.297971907913579,1.3761619250495096,13.21978189077765,Decor,Cushions
NB-0102,2026-02-02,12.427303127507713,6.505493144643643,18.349113110371782,Decor,Cushions
NB-0103,2026-02-02,48.60799127173082,42.68618128886675,54.52980125459489,Furniture,Chairs
NB-0104,2026-02-02,9.464272120691202,3.5424621378271324,15.386082103555271,Lighting,Pendant Lights
NB-0105,2026-02-02,54.42193311540581,48.50012313254174,60.343743098269876,Small Appliances,Toasters
NB-0106,2026-02-02,23.841888528579407,17.920078545715338,29.763698511443476,Lighting,Floor Lamps
NB-0107,2026-02-02,12.919675246356524,6.9978652634924545,18.841485229220595,Furniture,Chairs
NB-0108,2026-02-02,18.36838011082187,12.446570127957802,24.29019009368594,Bed & Bath,Towels
NB-0109,2026-02-02,32.037347430842686,26.115537447978618,37.959157413706755,Small Appliances,Kettles
NB-0110,2026-02-02,11.648696402999011,5.726886420134941,17.57050638586308,Bed & Bath,Bath Accessories
NB-0111,2026-02-02,30.235954933674545,24.314144950810476,36.15776491653862,Lighting,Pendant Lights
NB-0112,2026-02-02,33.042485661309684,27.120675678445615,38.96429564417375,Lighting,Table Lamps
NB-0113,2026-02-02,30.096906476845312,24.175096493981243,36.01871645970938,Lighting,Pendant Lights
NB-0114,2026-02-02,28.204107081134723,22.282297098270654,34.12591706399879,Bed & Bath,Towels
NB-0115,2026-02-02,26.286870588906545,20.365060606042476,32.208680571770614,Decor,Cushions
NB-0116,2026-02-02,8.600378789108715,2.6785688062446456,14.522188771972786,Bed & Bath,Towels
NB-0117,2026-02-02,17.670982075481312,11.749172092617243,23.59279205834538,Furniture,Tables
NB-0118,2026-02-02,20.313560558686667,14.391750575822599,26.235370541550736,Furniture,Storage
NB-0119,2026-02-02,28.905135719635723,22.983325736771654,34.82694570249979,Lighting,Table Lamps
NB-0120,2026-02-02,17.719409653196415,11.797599670332346,23.641219636060484,Bed & Bath,Towels
NB-0121,2026-02-02,7.104465249492934,1.1826552666288643,13.026275232357005,Decor,Candles
NB-0122,2026-02-02,8.159986704306249,2.238176721442179,14.081796687170318,Decor,Cushions
NB-0123,2026-02-02,31.588698178650066,25.666888195785997,37.51050816151414,Furniture,Tables
NB-0124,2026-02-02,59.96462764688751,54.04281766402344,65.88643762975158,Bed & Bath,Bath Accessories
NB-0125,2026-02-02,47.196138002711926,41.27432801984786,53.117947985575995,Small Appliances,Toasters
NB-0126,2026-02-02,17.855854515968097,11.934044533104029,23.777664498832166,Furniture,Storage
NB-0127,2026-02-02,27.413321318704785,21.491511335840716,33.33513130156886,Bed & Bath,Bedding
NB-0128,2026-02-02,22.05072956910838,16.12891958624431,27.97253955197245,Lighting,Pendant Lights
NB-0129,2026-02-02,29.235255413865833,23.313445431001764,35.157065396729905,Furniture,Storage
NB-0130,2026-02-02,58.4448706706265,52.52306068776243,64.36668065349058,Bed & Bath,Towels
NB-0131,2026-02-02,16.649157046606746,10.727347063742677,22.570967029470815,Decor,Wall Art
NB-0132,2026-02-02,38.1447955436294,32.22298556076533,44.06660552649347,Decor,Rugs
NB-0133,2026-02-02,38.63066580826221,32.70885582539814,44.55247579112628,Decor,Cushions
NB-0134,2026-02-02,42.68647030738328,36.76466032451921,48.60828029024735,Lighting,Table Lamps
NB-0135,2026-02-02,38.56558738678322,32.64377740391915,44.48739736964729,Decor,Wall Art
NB-0136,2026-02-02,8.304851725945104,2.3830417430810344,14.226661708809175,Lighting,Pendant Lights
NB-0137,2026-02-02,18.018343962277257,12.096533979413188,23.940153945141326,Lighting,Pendant Lights
NB-0138,2026-02-02,30.01727060631584,24.09546062345177,35.93908058917991,Bed & Bath,Bedding
NB-0139,2026-02-02,16.048457344249833,10.126647361385764,21.970267327113902,Decor,Candles
NB-0140,2026-02-02,14.549926853851757,8.628116870987686,20.471736836715827,Decor,Wall Art
NB-0141,2026-02-02,14.666123815290538,8.744313832426467,20.58793379815461,Decor,Candles
NB-0142,2026-02-02,67.54696849999011,61.625158517126046,73.46877848285419,Small Appliances,Toasters
NB-0143,2026-02-02,9.771913767510675,3.8501037846466053,15.693723750374744,Bed & Bath,Bath Accessories
NB-0144,2026-02-02,16.915509912651032,10.993699929786963,22.8373198955151,Furniture,Chairs
NB-0145,2026-02-02,28.442143336447923,22.520333353583855,34.363953319311996,Lighting,Pendant Lights
NB-0146,2026-02-02,8.232022080000602,2.3102120971365325,14.153832062864673,Small Appliances,Kettles
NB-0147,2026-02-02,33.30540053994195,27.38359055707788,39.22721052280602,Furniture,Sofas
NB-0148,2026-02-02,28.18964585141522,22.267835868551153,34.11145583427929,Decor,Wall Art
NB-0149,2026-02-02,16.73590494018128,10.81409495731721,22.657714923045347,Decor,Rugs
NB-0150,2026-02-02,8.175408140774797,2.2535981579107274,14.097218123638868,Decor,Rugs
NB-0151,2026-02-02,9.021839911289607,3.1000299284255375,14.943649894153676,Small Appliances,Toasters
NB-0152,2026-02-02,29.84646347281082,23.924653489946753,35.768273455674894,Furniture,Storage
NB-0153,2026-02-02,17.361782446373677,11.439972463509609,23.283592429237746,Lighting,Table Lamps
NB-0154,2026-02-02,8.60816717039549,2.68635718753142,14.529977153259559,Lighting,Floor Lamps
NB-0155,2026-02-02,9.568121422824888,3.646311439960818,15.489931405688957,Bed & Bath,Bedding
NB-0156,2026-02-02,60.51138108384164,54.58957110097757,66.43319106670572,Small Appliances,Toasters
NB-0157,2026-02-02,17.51857502159333,11.59676503872926,23.440385004457397,Decor,Rugs
NB-0158,2026-02-02,19.6048097082194,13.68299972535533,25.526619691083468,Furniture,Tables
NB-0159,2026-02-02,22.69558726339338,16.773777280529313,28.61739724625745,Decor,Wall Art
NB-0160,2026-02-02,6.375997508804022,0.45418752593995215,12.297807491668092,Small Appliances,Kettles
NB-0161,2026-02-02,16.289336081462412,10.367526098598344,22.21114606432648,Furniture,Tables
NB-0162,2026-02-02,7.2598094355021585,1.3379994526380887,13.181619418366228,Bed & Bath,Towels
NB-0163,2026-02-02,64.13015161481887,58.2083416319548,70.05196159768295,Lighting,Table Lamps
NB-0164,2026-02-02,34.20623300678381,28.284423023919743,40.12804298964788,Lighting,Table Lamps
NB-0165,2026-02-02,55.67400892581051,49.75219894294644,61.59581890867458,Lighting,Floor Lamps
NB-0166,2026-02-02,28.82832970243968,22.906519719575613,34.75013968530375,Small Appliances,Blenders
NB-0167,2026-02-02,26.43166788979889,20.509857906934823,32.353477872662964,Small Appliances,Toasters
NB-0168,2026-02-02,22.98964982132673,17.06783983846266,28.911459804190798,Decor,Wall Art
NB-0169,2026-02-02,29.272027819911923,23.350217837047854,35.193837802775995,Furniture,Storage
NB-0170,2026-02-02,13.455358185186498,7.533548202322428,19.377168168050567,Small Appliances,Blenders
NB-0171,2026-02-02,8.001698637984713,2.0798886551206435,13.923508620848782,Small Appliances,Blenders
NB-0172,2026-02-02,8.866767299493318,2.9449573166292486,14.788577282357387,Bed & Bath,Bath Accessories
NB-0173,2026-02-02,7.764171907243731,1.8423619243796612,13.6859818901078,Bed & Bath,Bedding
NB-0174,2026-02-02,18.319284618238587,12.397474635374518,24.241094601102656,Decor,Rugs
NB-0175,2026-02-02,14.071279652357333,8.149469669493264,19.993089635221402,Bed & Bath,Towels
NB-0176,2026-02-02,22.278492800941372,16.356682818077303,28.20030278380544,Furniture,Chairs
NB-0177,2026-02-02,12.289514029888553,6.367704047024483,18.211324012752623,Decor,Wall Art
NB-0178,2026-02-02,17.422610817898157,11.500800835034088,23.344420800762226,Furniture,Sofas
NB-0179,2026-02-02,8.808928451528244,2.887118468664174,14.730738434392315,Furniture,Sofas
NB-0180,2026-02-02,16.27690354118365,10.355093558319581,22.19871352404772,Furniture,Chairs
NB-0181,2026-02-02,15.32063946455376,9.398829481689692,21.24244944741783,Bed & Bath,Bedding
NB-0182,2026-02-02,28.730230275455384,22.808420292591315,34.65204025831945,Furniture,Storage
NB-0183,2026-02-02,29.815690278980302,23.893880296116233,35.737500261844374,Lighting,Table Lamps
NB-0184,2026-02-02,50.8309516530603,44.909141670196234,56.75276163592437,Bed & Bath,Towels
NB-0185,2026-02-02,33.989536959854384,28.067726976990315,39.91134694271845,Decor,Cushions
NB-0186,2026-02-02,30.596699361913164,24.674889379049095,36.518509344777236,Furniture,Storage
NB-0187,2026-02-02,42.121654790961756,36.19984480809769,48.043464773825825,Furniture,Tables
NB-0188,2026-02-02,7.871447832985706,1.9496378501216363,13.793257815849776,Bed & Bath,Towels
NB-0189,2026-02-02,20.245287191212917,14.323477208348848,26.167097174076986,Decor,Rugs
NB-0190,2026-02-02,33.95805798112745,28.036247998263384,39.87986796399152,Lighting,Table Lamps
NB-0191,2026-02-02,13.12530277857391,7.203492795709841,19.04711276143798,Furniture,Chairs
NB-0192,2026-02-02,3.5733628830811544,0.0,9.495172865945225,Furniture,Chairs
NB-0193,2026-02-02,13.296180569190259,7.374370586326189,19.217990552054328,Furniture,Sofas
NB-0194,2026-02-02,18.338409094885673,12.416599112021604,24.260219077749742,Decor,Cushions
NB-0195,2026-02-02,31.22902597520316,25.307215992339092,37.15083595806723,Small Appliances,Toasters
NB-0196,2026-02-02,25.21480318742571,19.29299320456164,31.136613170289777,Furniture,Storage
NB-0197,2026-02-02,11.016980597694793,5.095170614830724,16.938790580558862,Small Appliances,Air Purifiers
NB-0198,2026-02-02,7.308206315128563,1.3863963322644928,13.230016297992632,Furniture,Tables
NB-0199,2026-02-02,79.2591157004392,73.33730571757512,85.18092568330327,Furniture,Chairs
NB-0200,2026-02-02,7.148501045722776,1.2266910628587064,13.070311028586847,Decor,Rugs
NB-0001,2026-02-09,9.231504028208919,3.309694045344849,15.15331401107299,Small Appliances,Blenders
NB-0002,2026-02-09,32.28175890376812,26.359948920904053,38.20356888663219,Bed & Bath,Bath Accessories
NB-0003,2026-02-09,30.6649574546841,24.74314747182003,36.58676743754817,Decor,Wall Art
NB-0004,2026-02-09,18.870094385477152,12.948284402613083,24.79190436834122,Decor,Wall Art
NB-0005,2026-02-09,18.716716220519338,12.794906237655269,24.638526203383407,Decor,Candles
NB-0006,2026-02-09,16.89998761241319,10.978177629549123,22.82179759527726,Decor,Candles
NB-0007,2026-02-09,14.328064671089406,8.406254688225335,20.249874653953476,Bed & Bath,Bedding
NB-0008,2026-02-09,17.80767773997935,11.885867757115282,23.72948772284342,Furniture,Chairs
NB-0009,2026-02-09,24.615839844360504,18.694029861496436,30.537649827224573,Small Appliances,Toasters
NB-0010,2026-02-09,27.782727119251078,21.86091713638701,33.70453710211515,Decor,Cushions
NB-0011,2026-02-09,11.488119218410912,5.566309235546842,17.40992920127498,Furniture,Chairs
NB-0012,2026-02-09,6.436178163341315,0.5143681804772449,12.357988146205384,Decor,Candles
NB-0013,2026-02-09,5.8905075941423215,0.0,11.812317577006391,Decor,Cushions
NB-0014,2026-02-09,16.79337610413733,10.871566121273261,22.7151860870014,Lighting,Floor Lamps
NB-0015,2026-02-09,36.36037997012314,30.438569987259072,42.28218995298721,Decor,Candles
NB-0016,2026-02-09,5.367782100261487,0.0,11.289592083125557,Decor,Rugs
NB-0017,2026-02-09,33.432952802653304,27.511142819789235,39.35476278551737,Decor,Rugs
NB-0018,2026-02-09,22.67304839983282,16.75123841696875,28.594858382696888,Small Appliances,Blenders
NB-0019,2026-02-09,16.570063168793734,10.648253185929665,22.491873151657803,Small Appliances,Toasters
NB-0020,2026-02-09,19.15771486927281,13.23590488640874,25.079524852136878,Decor,Candles
NB-0021,2026-02-09,26.14230273442147,20.2204927515574,32.06411271728554,Decor,Candles
NB-0022,2026-02-09,38.70976510815124,32.78795512528717,44.63157509101531,Decor,Candles
NB-0023,2026-02-09,27.083298274440452,21.161488291576383,33.00510825730452,Decor,Wall Art
NB-0024,2026-02-09,14.594639602134727,8.672829619270658,20.516449584998796,Small Appliances,Blenders
NB-0025,2026-02-09,16.564308999683064,10.642499016818995,22.486118982547133,Furniture,Chairs
NB-0026,2026-02-09,37.95382566078995,32.032015677925884,43.87563564365402,Furniture,Tables
NB-0027,2026-02-09,5.655083978763999,0.0,11.57689396162807,Lighting,Floor Lamps
NB-0028,2026-02-09,35.64384622413987,29.722036241275802,41.56565620700394,Decor,Rugs
NB-0029,2026-02-09,7.73070789930533,1.8088979164412606,13.6525178821694,Lighting,Floor Lamps
NB-0030,2026-02-09,23.174051035568894,17.252241052704825,29.095861018432963,Decor,Rugs
NB-0031,2026-02-09,57.753157964592376,51.83134798172831,63.674967947456445,Lighting,Table Lamps
NB-0032,2026-02-09,8.072613381418618,2.1508033985545483,13.994423364282689,Small Appliances,Kettles
NB-0033,2026-02-09,42.833363137863095,36.91155315499903,48.755173120727164,Furniture,Sofas
NB-0034,2026-02-09,30.667279471289024,24.745469488424956,36.5890894541531,Decor,Wall Art
NB-0035,2026-02-09,7.2753075560717555,1.3534975732076857,13.197117538935824,Bed & Bath,Bedding
NB-0036,2026-02-09,32.935786255240984,27.013976272376915,38.85759623810505,Small Appliances,Toasters
NB-0037,2026-02-09,7.287669351023209,1.365859368159139,13.209479333887279,Small Appliances,Air Purifiers
NB-0038,2026-02-09,5.418450863639113,0.0,11.340260846503183,Decor,Cushions
NB-0039,2026-02-09,19.61740859653261,13.69559861366854,25.539218579396678,Furniture,Storage
NB-0040,2026-02-09,6.82626368740302,0.90445370453895,12.74807367026709,Decor,Wall Art
NB-0041,2026-02-09,29.91365437147578,23.99184438861171,35.83546435433985,Furniture,Storage
NB-0042,2026-02-09,32.372007936167826,26.450197953303757,38.293817919031895,Lighting,Table Lamps
NB-0043,2026-02-09,8.586186726297568,2.6643767434334977,14.507996709161638,Small Appliances,Blenders
NB-0044,2026-02-09,8.215103097017403,2.2932931141533333,14.136913079881474,Decor,Cushions
NB-0045,2026-02-09,12.911555085667555,6.989745102803485,18.833365068531624,Decor,Rugs
NB-0046,2026-02-09,37.46043617856758,31.538626195703515,43.38224616143165,Furniture,Tables
NB-0047,2026-02-09,31.967476363439673,26.045666380575604,37.88928634630374,Bed & Bath,Bath Accessories
NB-0048,2026-02-09,7.055262400616261,1.1334524177521912,12.97707238348033,Furniture,Chairs
NB-0049,2026-02-09,36.9265946342613,31.00478465139723,42.84840461712537,Lighting,Pendant Lights
NB-0050,2026-02-09,8.303934936942452,2.3821249540783827,14.225744919806523,Decor,Wall Art
NB-0051,2026-02-09,18.2847349136782,12.362924930814131,24.20654489654227,Decor,Candles
NB-0052,2026-02-09,23.17666069779885,17.254850714934783,29.09847068066292,Lighting,Floor Lamps
NB-0053,2026-02-09,56.12212779340477,50.2003178105407,62.04393777626884,Bed & Bath,Towels
NB-0054,2026-02-09,49.71430413184449,43.792494148980424,55.63611411470856,Furniture,Tables
NB-0055,2026-02-09,20.514172146997232,14.592362164133164,26.4359821298613,Small Appliances,Air Purifiers
NB-0056,2026-02-09,8.658925454452074,2.7371154715880044,14.580735437316143,Bed & Bath,Towels
NB-0057,2026-02-09,23.31580958161973,17.393999598755663,29.2376195644838,Lighting,Pendant Lights
NB-0058,2026-02-09,30.509301311100046,24.587491328235977,36.431111293964115,Small Appliances,Toasters
NB-0059,2026-02-09,8.126726001635566,2.2049160187714962,14.048535984499637,Bed & Bath,Bedding
NB-0060,2026-02-09,13.443620622685287,7.521810639821218,19.365430605549356,Small Appliances,Air Purifiers
NB-0061,2026-02-09,18.299870127927036,12.378060145062967,24.221680110791105,Decor,Wall Art
NB-0062,2026-02-09,8.253272374333248,2.331462391469178,14.175082357197319,Decor,Rugs
NB-0063,2026-02-09,15.657674549418504,9.735864566554433,21.579484532282574,Decor,Rugs
NB-0064,2026-02-09,27.023120696460172,21.101310713596103,32.944930679324244,Bed & Bath,Towels
NB-0065,2026-02-09,78.68504454590348,72.7632345630394,84.60685452876756,Small Appliances,Toasters
NB-0066,2026-02-09,26.42423143328556,20.50242145042149,32.34604141614963,Small Appliances,Air Purifiers
NB-0067,2026-02-09,34.79546928409879,28.873659301234724,40.71727926696286,Lighting,Table Lamps
NB-0068,2026-02-09,16.29894083166304,10.37713084879897,22.220750814527108,Furniture,Sofas
NB-0069,2026-02-09,29.496961540790608,23.57515155792654,35.41877152365468,Small Appliances,Air Purifiers
NB-0070,2026-02-09,38.079876615362515,32.158066632498446,44.001686598226584,Lighting,Pendant Lights
NB-0071,2026-02-09,7.624215305385625,1.702405322521555,13.546025288249695,Lighting,Table Lamps
NB-0072,2026-02-09,8.440894694006344,2.5190847111422743,14.362704676870415,Bed & Bath,Bath Accessories
NB-0073,2026-02-09,5.529030816855937,0.0,11.450840799720007,Decor,Candles
NB-0074,2026-02-09,12.576912834855177,6.655102851991107,18.498722817719248,Small Appliances,Blenders
NB-0075,2026-02-09,27.57944215532768,21.65763217246361,33.50125213819175,Furniture,Sofas
NB-0076,2026-02-09,16.032394446490052,10.110584463625983,21.95420442935412,Lighting,Pendant Lights
NB-0077,2026-02-09,6.884747020257319,0.9629370373932495,12.80655700312139,Bed & Bath,Bedding
NB-0078,2026-02-09,7.226045645849528,1.304235662985458,13.147855628713597,Lighting,Table Lamps
NB-0079,2026-02-09,23.556252270127477,17.634442287263408,29.478062252991545,Decor,Cushions
NB-0080,2026-02-09,26.89728846993736,20.975478487073293,32.819098452801434,Decor,Cushions
NB-0081,2026-02-09,28.582067667978837,22.660257685114768,34.50387765084291,Bed & Bath,Bath Accessories
NB-0082,2026-02-09,18.350312172480812,12.428502189616744,24.27212215534488,Small Appliances,Kettles
NB-0083,2026-02-09,21.88896672394734,15.967156741083272,27.81077670681141,Furniture,Storage
NB-0084,2026-02-09,27.397580534384666,21.475770551520597,33.319390517248735,Furniture,Storage
NB-0085,2026-02-09,7.5744789948014395,1.6526690119373697,13.49628897766551,Decor,Rugs
NB-0086,2026-02-09,29.305301428341384,23.383491445477315,35.227111411205456,Small Appliances,Air Purifiers
NB-0087,2026-02-09,12.87752163647957,6.9557116536154995,18.79933161934364,Lighting,Floor Lamps
NB-0088,2026-02-09,40.217123694757504,34.295313711893435,46.13893367762157,Small Appliances,Kettles
NB-0089,2026-02-09,3.304086212702173,0.0,9.225896195566243,Lighting,Floor Lamps
NB-0090,2026-02-09,41.96809832701802,36.04628834415395,47.88990830988209,Small Appliances,Toasters
NB-0091,2026-02-09,45.974501827417676,40.05269184455361,51.896311810281745,Small Appliances,Kettles
NB-0092,2026-02-09,31.98316543184739,26.06135544898332,37.90497541471146,Decor,Cushions
NB-0093,2026-02-09,8.398888449726288,2.477078466862218,14.320698432590358,Furniture,Tables
NB-0094,2026-02-09,24.159940582591666,18.238130599727597,30.081750565455735,Furniture,Tables
NB-0095,2026-02-09,30.820581127124324,24.898771144260255,36.7423911099884,Lighting,Table Lamps
NB-0096,2026-02-09,29.92483173260544,24.00302174974137,35.84664171546951,Decor,Rugs
NB-0097,2026-02-09,17.31895942790653,11.397149445042462,23.2407694107706,Lighting,Table Lamps
NB-0098,2026-02-09,31.38277307547873,25.460963092614662,37.3045830583428,Decor,Cushions
NB-0099,2026-02-09,38.45782998519282,32.53602000232875,44.379639968056885,Decor,Candles
NB-0100,2026-02-09,29.197942360198184,23.276132377334115,35.11975234306225,Lighting,Floor Lamps
NB-0101,2026-02-09,7.27771680314711,1.3559068202830398,13.19952678601118,Decor,Cushions
NB-0102,2026-02-09,13.24436472470165,7.322554741837581,19.16617470756572,Decor,Cushions
NB-0103,2026-02-09,47.31810688543755,41.39629690257348,53.23991686830162,Furniture,Chairs
NB-0104,2026-02-09,9.452921989006382,3.5311120061423127,15.374731971870453,Lighting,Pendant Lights
NB-0105,2026-02-09,54.892731065660456,48.97092108279639,60.814541048524525,Small Appliances,Toasters
NB-0106,2026-02-09,25.58166609844707,19.659856115583,31.50347608131114,Lighting,Floor Lamps
NB-0107,2026-02-09,12.545345309880453,6.623535327016383,18.467155292744522,Furniture,Chairs
NB-0108,2026-02-09,18.8133606447792,12.89155066191513,24.735170627643267,Bed & Bath,Towels
NB-0109,2026-02-09,29.420394151571102,23.498584168707033,35.34220413443517,Small Appliances,Kettles
NB-0110,2026-02-09,12.480234428042957,6.558424445178887,18.402044410907028,Bed & Bath,Bath Accessories
NB-0111,2026-02-09,29.759426841225828,23.83761685836176,35.6812368240899,Lighting,Pendant Lights
NB-0112,2026-02-09,34.58543774632845,28.663627763464383,40.50724772919252,Lighting,Table Lamps
NB-0113,2026-02-09,29.360597236922445,23.438787254058376,35.28240721978651,Lighting,Pendant Lights
NB-0114,2026-02-09,30.22175552224143,24.29994553937736,36.1435655051055,Bed & Bath,Towels
NB-0115,2026-02-09,26.603799899836194,20.681989916972125,32.525609882700266,Decor,Cushions
NB-0116,2026-02-09,9.607078693751275,3.685268710887205,15.528888676615345,Bed & Bath,Towels
NB-0117,2026-02-09,17.518280387281557,11.596470404417488,23.440090370145626,Furniture,Tables
NB-0118,2026-02-09,20.076535725849936,14.154725742985867,25.998345708714005,Furniture,Storage
NB-0119,2026-02-09,28.172061271594252,22.250251288730183,34.09387125445832,Lighting,Table Lamps
NB-0120,2026-02-09,17.532784228236576,11.610974245372507,23.454594211100645,Bed & Bath,Towels
NB-0121,2026-02-09,6.724266197296083,0.8024562144320129,12.646076180160152,Decor,Candles
NB-0122,2026-02-09,8.151848052909221,2.2300380700451514,14.073658035773292,Decor,Cushions
NB-0123,2026-02-09,31.493903010941874,25.572093028077806,37.41571299380595,Furniture,Tables
NB-0124,2026-02-09,64.32621344831108,58.40440346544701,70.24802343117516,Bed & Bath,Bath Accessories
NB-0125,2026-02-09,50.105711588440705,44.18390160557664,56.027521571304774,Small Appliances,Toasters
NB-0126,2026-02-09,16.773157979380926,10.851347996516857,22.694967962244995,Furniture,Storage
NB-0127,2026-02-09,30.079997910755054,24.158187927890985,36.00180789361912,Bed & Bath,Bedding
NB-0128,2026-02-09,21.499953477181855,15.578143494317786,27.421763460045923,Lighting,Pendant Lights
NB-0129,2026-02-09,27.81445686840124,21.89264688553717,33.73626685126531,Furniture,Storage
NB-0130,2026-02-09,57.98673941131617,52.0649294284521,63.90854939418024,Bed & Bath,Towels
NB-0131,2026-02-09,16.27892739503406,10.357117412169991,22.20073737789813,Decor,Wall Art
NB-0132,2026-02-09,38.38485787262494,32.46304788976087,44.30666785548901,Decor,Rugs
NB-0133,2026-02-09,38.31760300148879,32.39579301862472,44.23941298435286,Decor,Cushions
NB-0134,2026-02-09,45.12523720779006,39.20342722492599,51.047047190654126,Lighting,Table Lamps
NB-0135,2026-02-09,37.778057619865734,31.856247637001665,43.6998676027298,Decor,Wall Art
NB-0136,2026-02-09,7.70011918799399,1.7783092051299203,13.62192917085806,Lighting,Pendant Lights
NB-0137,2026-02-09,17.368105637543998,11.446295654679929,23.289915620408067,Lighting,Pendant Lights
NB-0138,2026-02-09,28.540064786944935,22.618254804080866,34.46187476980901,Bed & Bath,Bedding
NB-0139,2026-02-09,17.109950648883906,11.188140666019837,23.031760631747975,Decor,Candles
NB-0140,2026-02-09,15.322929415255764,9.401119432391695,21.244739398119833,Decor,Wall Art
NB-0141,2026-02-09,14.67868493782637,8.7568749549623,20.60049492069044,Decor,Candles
NB-0142,2026-02-09,63.427958772736496,57.50614878987243,69.34976875560056,Small Appliances,Toasters
NB-0143,2026-02-09,9.11627277656609,3.1944627937020202,15.03808275943016,Bed & Bath,Bath Accessories
NB-0144,2026-02-09,15.96534646156572,10.04353647870165,21.887156444429788,Furniture,Chairs
NB-0145,2026-02-09,27.94875671028716,22.02694672742309,33.87056669315123,Lighting,Pendant Lights
NB-0146,2026-02-09,7.902462910951205,1.9806529280871352,13.824272893815275,Small Appliances,Kettles
NB-0147,2026-02-09,33.86537561765686,27.94356563479279,39.78718560052093,Furniture,Sofas
NB-0148,2026-02-09,27.612857726734305,21.691047743870236,33.534667709598374,Decor,Wall Art
NB-0149,2026-02-09,16.961134721434647,11.039324738570578,22.882944704298716,Decor,Rugs
NB-0150,2026-02-09,8.034218512579493,2.112408529715423,13.956028495443562,Decor,Rugs
NB-0151,2026-02-09,8.171533715882527,2.249723733018457,14.093343698746597,Small Appliances,Toasters
NB-0152,2026-02-09,29.929976078581138,24.00816609571707,35.85178606144521,Furniture,Storage
NB-0153,2026-02-09,17.78402103698541,11.862211054121342,23.70583101984948,Lighting,Table Lamps
NB-0154,2026-02-09,8.054800363486832,2.132990380622762,13.976610346350903,Lighting,Floor Lamps
NB-0155,2026-02-09,9.32558591967631,3.4037759368122407,15.24739590254038,Bed & Bath,Bedding
NB-0156,2026-02-09,55.16583901003664,49.24402902717257,61.08764899290071,Small Appliances,Toasters
NB-0157,2026-02-09,16.958723024030135,11.036913041166066,22.880533006894204,Decor,Rugs
NB-0158,2026-02-09,19.64279365798596,13.72098367512189,25.564603640850027,Furniture,Tables
NB-0159,2026-02-09,22.49265016888281,16.570840186018742,28.41446015174688,Decor,Wall Art
NB-0160,2026-02-09,5.82074729186557,0.0,11.74255727472964,Small Appliances,Kettles
NB-0161,2026-02-09,16.1159760858542,10.194166102990131,22.03778606871827,Furniture,Tables
NB-0162,2026-02-09,7.197901167674187,1.2760911848101175,13.119711150538258,Bed & Bath,Towels
NB-0163,2026-02-09,62.82641188966527,56.904601906801204,68.74822187252934,Lighting,Table Lamps
NB-0164,2026-02-09,34.35409333528893,28.43228335242486,40.275903318153,Lighting,Table Lamps
NB-0165,2026-02-09,55.772877809746596,49.85106782688253,61.694687792610665,Lighting,Floor Lamps
NB-0166,2026-02-09,28.8980260530082,22.97621607014413,34.81983603587227,Small Appliances,Blenders
NB-0167,2026-02-09,29.836702020616997,23.914892037752928,35.758512003481066,Small Appliances,Toasters
NB-0168,2026-02-09,23.36706405112874,17.44525406826467,29.28887403399281,Decor,Wall Art
NB-0169,2026-02-09,29.34125872248292,23.41944873961885,35.26306870534699,Furniture,Storage
NB-0170,2026-02-09,13.610288006102092,7.688478023238022,19.53209798896616,Small Appliances,Blenders
NB-0171,2026-02-09,7.674106021580807,1.7522960387167368,13.595916004444877,Small Appliances,Blenders
NB-0172,2026-02-09,8.915355653700479,2.9935456708364088,14.83716563656455,Bed & Bath,Bath Accessories
NB-0173,2026-02-09,8.258269630197374,2.336459647333304,14.180079613061444,Bed & Bath,Bedding
NB-0174,2026-02-09,18.417200320233935,12.495390337369866,24.339010303098004,Decor,Rugs
NB-0175,2026-02-09,14.52743522192398,8.605625239059911,20.44924520478805,Bed & Bath,Towels
NB-0176,2026-02-09,24.650001268956718,18.72819128609265,30.571811251820787,Furniture,Chairs
NB-0177,2026-02-09,12.669041546415361,6.747231563551291,18.59085152927943,Decor,Wall Art
NB-0178,2026-02-09,17.122148373829408,11.200338390965339,23.043958356693476,Furniture,Sofas
NB-0179,2026-02-09,8.153002567804695,2.231192584940625,14.074812550668764,Furniture,Sofas
NB-0180,2026-02-09,15.900085037462194,9.978275054598125,21.821895020326263,Furniture,Chairs
NB-0181,2026-02-09,14.854167686569513,8.932357703705442,20.775977669433583,Bed & Bath,Bedding
NB-0182,2026-02-09,28.187274914182847,22.26546493131878,34.10908489704692,Furniture,Storage
NB-0183,2026-02-09,28.770244158023278,22.84843417515921,34.69205414088735,Lighting,Table Lamps
NB-0184,2026-02-09,52.97404226634315,47.05223228347908,58.895852249207216,Bed & Bath,Towels
NB-0185,2026-02-09,37.632324076699994,31.710514093835926,43.55413405956406,Decor,Cushions
NB-0186,2026-02-09,30.291252777907776,24.369442795043707,36.21306276077185,Furniture,Storage
NB-0187,2026-02-09,43.04185272174921,37.12004273888514,48.96366270461328,Furniture,Tables
NB-0188,2026-02-09,8.006749012605539,2.084939029741469,13.928558995469608,Bed & Bath,Towels
NB-0189,2026-02-09,20.515545029869823,14.593735047005755,26.437355012733892,Decor,Rugs
NB-0190,2026-02-09,37.392467894967155,31.470657912103086,43.31427787783122,Lighting,Table Lamps
NB-0191,2026-02-09,12.962873296538312,7.041063313674242,18.88468327940238,Furniture,Chairs
NB-0192,2026-02-09,3.5805452262260493,0.0,9.502355209090119,Furniture,Chairs
NB-0193,2026-02-09,12.824854267668446,6.903044284804376,18.746664250532515,Furniture,Sofas
NB-0194,2026-02-09,17.09332885323894,11.171518870374872,23.01513883610301,Decor,Cushions
NB-0195,2026-02-09,30.88315753398827,24.961347551124202,36.804967516852344,Small Appliances,Toasters
NB-0196,2026-02-09,25.186196243468547,19.26438626060448,31.108006226332616,Furniture,Storage
NB-0197,2026-02-09,10.307691041087095,4.385881058223025,16.229501023951165,Small Appliances,Air Purifiers
NB-0198,2026-02-09,7.143684827134012,1.2218748442699425,13.065494809998082,Furniture,Tables
NB-0199,2026-02-09,80.12030146657936,74.19849148371529,86.04211144944344,Furniture,Chairs
NB-0200,2026-02-09,7.423937058662566,1.5021270757984961,13.345747041526636,Decor,Rugs
